KR_6791579827.json,2.8,"['SILVER', 'BRONZE', 'IRON', 'SILVER', 'BRONZE', 'BRONZE', 'PLATINUM', 'SILVER', 'SILVER', 'GOLD']"
KR_6794264116.json,4.4,"['GOLD', 'GOLD', 'GOLD', 'PLATINUM', 'GOLD', 'GOLD', 'PLATINUM', 'GOLD', 'PLATINUM', 'PLATINUM']"
KR_6799640952.json,3.7,"['GOLD', 'GOLD', 'SILVER', 'SILVER', 'GOLD', 'GOLD', 'GOLD', 'GOLD', 'GOLD', 'SILVER']"
KR_6797736133.json,2.6,"['BRONZE', 'SILVER', 'SILVER', 'BRONZE', 'BRONZE', 'SILVER', 'SILVER', 'BRONZE', 'SILVER', 'SILVER']"
KR_6796344099.json,3.2,"['SILVER', 'SILVER', 'SILVER', 'SILVER', 'BRONZE', 'SILVER', 'SILVER', 'SILVER', 'PLATINUM', 'GOLD']"
KR_6790980294.json,3.2,"[None, None, None, None, None, 'SILVER', 'GOLD', 'SILVER', 'GOLD', 'BRONZE']"
KR_6792436018.json,3.3,"['GOLD', 'SILVER', 'GOLD', 'GOLD', 'GOLD', 'SILVER', 'BRONZE', 'BRONZE', 'SILVER', 'GOLD']"
KR_6795253671.json,2.0,"['BRONZE', 'BRONZE', 'BRONZE', 'BRONZE', 'BRONZE', 'BRONZE', 'BRONZE', 'BRONZE', 'BRONZE', 'BRONZE']"
KR_6795894024.json,3.8,"['SILVER', 'SILVER', 'GOLD', 'PLATINUM', 'GOLD', 'PLATINUM', 'SILVER', 'SILVER', 'GOLD', 'GOLD']"
KR_6792910960.json,3.6,"['GOLD', 'PLATINUM', 'SILVER', 'GOLD', 'SILVER', 'SILVER', 'GOLD', 'GOLD', 'SILVER', 'SILVER']"
KR_6793618686.json,3.4,"['BRONZE', 'GOLD', 'SILVER', 'SILVER', 'PLATINUM', None, None, None, None, None]"
KR_6798256890.json,4.125,"[None, None, 'PLATINUM', 'SILVER', 'GOLD', 'PLATINUM', 'PLATINUM', 'GOLD', 'SILVER', 'GOLD']"
KR_6793531101.json,2.9,"['SILVER', 'BRONZE', 'SILVER', 'GOLD', 'SILVER', 'SILVER', 'BRONZE', 'SILVER', 'SILVER', 'SILVER']"
KR_6799184531.json,3.0,"['BRONZE', 'SILVER', 'SILVER', 'SILVER', 'GOLD', 'GOLD', 'GOLD', 'BRONZE', 'BRONZE', 'SILVER']"
KR_6792718959.json,2.7,"['IRON', 'GOLD', 'BRONZE', 'SILVER', 'SILVER', 'BRONZE', 'SILVER', 'SILVER', 'SILVER', 'SILVER']"
KR_6790369985.json,3.7,"['SILVER', 'SILVER', 'GOLD', 'SILVER', 'EMERALD', 'GOLD', 'PLATINUM', 'SILVER', 'PLATINUM', 'IRON']"
KR_6799114467.json,3.2,"['GOLD', 'SILVER', 'IRON', 'PLATINUM', 'SILVER', 'SILVER', 'SILVER', 'SILVER', 'GOLD', 'SILVER']"
KR_6795090971.json,3.8,"['SILVER', 'GOLD', 'PLATINUM', 'SILVER', 'SILVER', 'GOLD', 'SILVER', 'PLATINUM', 'SILVER', 'PLATINUM']"
KR_6792066068.json,2.9,"['BRONZE', 'SILVER', 'BRONZE', 'SILVER', 'SILVER', 'PLATINUM', 'SILVER', 'GOLD', 'BRONZE', 'BRONZE']"
KR_6790066263.json,3.5,"['SILVER', 'GOLD', None, None, None, None, None, None, None, None]"
KR_6798884194.json,3.5,"[None, None, None, None, None, None, None, None, 'SILVER', 'GOLD']"
KR_6793406239.json,4.0,"['BRONZE', 'GOLD', 'GOLD', 'GOLD', 'SILVER', 'PLATINUM', 'GOLD', 'PLATINUM', 'PLATINUM', 'GOLD']"
KR_6792052537.json,3.3,"['BRONZE', 'GOLD', 'SILVER', 'SILVER', 'GOLD', 'SILVER', 'GOLD', 'SILVER', 'GOLD', 'SILVER']"
KR_6794394866.json,3.4,"['SILVER', 'SILVER', 'SILVER', 'BRONZE', 'SILVER', 'BRONZE', 'PLATINUM', 'GOLD', 'GOLD', 'PLATINUM']"
KR_6797565723.json,3.6,"['GOLD', 'GOLD', 'SILVER', 'BRONZE', 'GOLD', 'GOLD', 'BRONZE', 'GOLD', 'PLATINUM', 'GOLD']"
KR_6798197973.json,2.2,"['IRON', 'BRONZE', 'SILVER', 'BRONZE', 'BRONZE', 'SILVER', 'BRONZE', 'SILVER', 'BRONZE', 'BRONZE']"
KR_6798269500.json,3.9,"['GOLD', 'GOLD', 'SILVER', 'GOLD', 'GOLD', 'GOLD', 'GOLD', 'GOLD', 'GOLD', 'GOLD']"
KR_6790802571.json,3.7,"['GOLD', 'GOLD', 'SILVER', 'GOLD', 'GOLD', 'SILVER', 'GOLD', 'GOLD', 'SILVER', 'GOLD']"
KR_6796428829.json,2.8,"['SILVER', 'SILVER', 'SILVER', 'SILVER', 'SILVER', 'SILVER', 'SILVER', 'BRONZE', 'SILVER', 'BRONZE']"
KR_6798508782.json,3.3,"['GOLD', 'BRONZE', 'GOLD', 'GOLD', 'SILVER', 'GOLD', 'BRONZE', 'GOLD', 'SILVER', 'SILVER']"
KR_6790087173.json,3.0,"['SILVER', 'SILVER', 'SILVER', 'SILVER', 'SILVER', 'GOLD', 'GOLD', 'BRONZE', 'BRONZE', 'SILVER']"
KR_6795161903.json,3.4,"['GOLD', 'SILVER', 'SILVER', 'GOLD', 'SILVER', 'GOLD', 'GOLD', 'BRONZE', 'SILVER', 'GOLD']"
KR_6796370552.json,4.2,"['GOLD', 'GOLD', 'SILVER', 'GOLD', 'PLATINUM', 'PLATINUM', 'GOLD', 'GOLD', 'GOLD', 'PLATINUM']"
KR_6794810948.json,3.3,"['IRON', 'SILVER', 'SILVER', 'GOLD', 'SILVER', 'GOLD', 'SILVER', 'GOLD', 'PLATINUM', 'SILVER']"
KR_6797326985.json,3.0,"['GOLD', 'BRONZE', 'SILVER', 'SILVER', 'SILVER', 'GOLD', 'SILVER', 'SILVER', 'SILVER', 'BRONZE']"
KR_6793674769.json,3.1,"['GOLD', 'SILVER', 'SILVER', 'BRONZE', 'GOLD', 'GOLD', 'SILVER', 'SILVER', 'SILVER', 'BRONZE']"
KR_6799385666.json,3.3,"['GOLD', 'SILVER', 'GOLD', 'SILVER', 'IRON', 'GOLD', 'SILVER', 'SILVER', 'GOLD', 'GOLD']"
KR_6799513647.json,2.7,"['SILVER', 'BRONZE', 'SILVER', 'BRONZE', 'SILVER', 'SILVER', 'SILVER', 'BRONZE', 'SILVER', 'SILVER']"
KR_6797000175.json,2.8,"['BRONZE', 'SILVER', 'BRONZE', 'BRONZE', 'SILVER', 'BRONZE', 'SILVER', 'GOLD', 'SILVER', 'GOLD']"
KR_6789694533.json,3.3,"['SILVER', 'GOLD', 'GOLD', 'GOLD', 'BRONZE', 'GOLD', 'SILVER', 'SILVER', 'SILVER', 'SILVER']"
KR_6792254424.json,3.4,"['SILVER', 'GOLD', 'GOLD', 'SILVER', 'BRONZE', 'GOLD', 'GOLD', 'SILVER', 'GOLD', 'SILVER']"
KR_6796441245.json,3.3,"['GOLD', 'SILVER', 'GOLD', 'GOLD', 'SILVER', 'GOLD', 'SILVER', 'SILVER', 'SILVER', 'BRONZE']"
KR_6788961437.json,2.7,"['GOLD', 'SILVER', 'SILVER', 'SILVER', 'SILVER', 'IRON', 'SILVER', 'SILVER', 'BRONZE', 'BRONZE']"
KR_6795103108.json,2.8,"['SILVER', 'SILVER', 'SILVER', 'SILVER', 'SILVER', 'BRONZE', 'BRONZE', 'BRONZE', 'GOLD', 'SILVER']"
KR_6796547661.json,3.5,"['SILVER', 'GOLD', 'SILVER', 'GOLD', 'SILVER', 'SILVER', 'GOLD', 'SILVER', 'GOLD', 'GOLD']"
KR_6793237363.json,3.5,"['PLATINUM', 'BRONZE', 'GOLD', 'PLATINUM', 'SILVER', 'GOLD', 'GOLD', 'SILVER', 'GOLD', 'IRON']"
KR_6789276359.json,3.6,"['GOLD', 'GOLD', 'SILVER', 'SILVER', 'GOLD', 'GOLD', 'SILVER', 'GOLD', 'SILVER', 'GOLD']"
KR_6793956220.json,2.9,"['GOLD', 'SILVER', 'BRONZE', 'BRONZE', 'SILVER', 'BRONZE', 'BRONZE', 'GOLD', 'SILVER', 'GOLD']"
KR_6795047477.json,2.9,"['BRONZE', 'SILVER', 'BRONZE', 'SILVER', 'SILVER', 'BRONZE', 'GOLD', 'SILVER', 'SILVER', 'GOLD']"
KR_6791654792.json,1.5,"['IRON', 'IRON', 'IRON', 'BRONZE', 'BRONZE', 'IRON', 'BRONZE', 'BRONZE', 'IRON', 'BRONZE']"
KR_6795380591.json,2.9,"['SILVER', 'SILVER', 'SILVER', 'SILVER', 'GOLD', 'SILVER', 'IRON', 'BRONZE', 'GOLD', 'SILVER']"
KR_6796622563.json,3.2,"['SILVER', 'SILVER', 'SILVER', 'GOLD', 'SILVER', 'BRONZE', 'PLATINUM', 'BRONZE', 'SILVER', 'GOLD']"
KR_6792972469.json,2.9,"['SILVER', 'SILVER', 'SILVER', 'BRONZE', 'SILVER', 'SILVER', 'SILVER', 'GOLD', 'SILVER', 'BRONZE']"
KR_6799580096.json,3.3,"['SILVER', 'BRONZE', 'SILVER', 'GOLD', 'SILVER', 'GOLD', 'GOLD', 'GOLD', 'SILVER', 'SILVER']"
KR_6795631946.json,3.7,"['SILVER', 'SILVER', 'SILVER', 'SILVER', 'GOLD', 'GOLD', 'GOLD', 'PLATINUM', 'GOLD', 'GOLD']"
KR_6799695424.json,2.9,"['SILVER', 'SILVER', 'GOLD', 'BRONZE', 'SILVER', 'SILVER', 'SILVER', 'SILVER', 'BRONZE', 'SILVER']"
KR_6797415693.json,2.9,"['PLATINUM', 'SILVER', 'BRONZE', 'SILVER', 'SILVER', 'SILVER', 'SILVER', 'IRON', 'GOLD', 'BRONZE']"
KR_6798452735.json,3.1,"['GOLD', 'BRONZE', 'GOLD', 'BRONZE', 'SILVER', 'SILVER', 'BRONZE', 'GOLD', 'BRONZE', 'PLATINUM']"
KR_6793312657.json,3.9,"['GOLD', 'GOLD', 'SILVER', 'GOLD', 'GOLD', 'GOLD', 'GOLD', 'GOLD', 'GOLD', 'GOLD']"
KR_6799088165.json,4.1,"['GOLD', 'GOLD', 'BRONZE', 'PLATINUM', 'PLATINUM', 'GOLD', 'GOLD', 'GOLD', 'GOLD', 'PLATINUM']"
KR_6799762557.json,1.6,"['BRONZE', 'IRON', 'BRONZE', 'IRON', 'BRONZE', 'IRON', 'BRONZE', 'BRONZE', 'IRON', 'BRONZE']"
KR_6791197350.json,3.5,"['GOLD', 'SILVER', 'SILVER', 'SILVER', 'BRONZE', 'GOLD', 'GOLD', 'GOLD', 'GOLD', 'GOLD']"
KR_6793679480.json,3.5,"['SILVER', 'GOLD', 'SILVER', 'GOLD', 'BRONZE', 'GOLD', 'PLATINUM', 'SILVER', 'GOLD', 'SILVER']"
KR_6795325879.json,4.5,"['GOLD', 'PLATINUM', 'PLATINUM', 'SILVER', 'GOLD', 'PLATINUM', 'GOLD', 'PLATINUM', 'PLATINUM', 'PLATINUM']"
KR_6797392251.json,3.8,"['GOLD', 'GOLD', 'GOLD', 'GOLD', 'PLATINUM', 'GOLD', 'BRONZE', 'PLATINUM', 'BRONZE', 'GOLD']"
KR_6798089435.json,3.3,"['SILVER', 'BRONZE', 'GOLD', 'GOLD', 'SILVER', 'GOLD', 'BRONZE', 'GOLD', 'GOLD', 'SILVER']"
KR_6797783384.json,2.8,"['SILVER', 'GOLD', 'SILVER', 'BRONZE', 'BRONZE', 'BRONZE', 'IRON', 'SILVER', 'GOLD', 'GOLD']"
KR_6793516727.json,2.6,"['GOLD', 'GOLD', 'SILVER', 'IRON', 'BRONZE', 'SILVER', 'BRONZE', 'SILVER', 'BRONZE', 'BRONZE']"
KR_6797050645.json,2.5,"['SILVER', 'BRONZE', 'SILVER', 'BRONZE', 'SILVER', 'SILVER', 'BRONZE', 'GOLD', 'IRON', 'BRONZE']"
KR_6795602734.json,3.8,"['BRONZE', 'GOLD', 'GOLD', 'PLATINUM', 'GOLD', 'GOLD', 'GOLD', 'GOLD', 'SILVER', 'GOLD']"
KR_6798821294.json,3.7,"['SILVER', 'GOLD', 'SILVER', 'GOLD', 'SILVER', 'GOLD', 'GOLD', 'GOLD', 'GOLD', 'GOLD']"
KR_6795790497.json,3.5,"['SILVER', 'GOLD', 'GOLD', 'SILVER', 'SILVER', 'GOLD', 'SILVER', 'SILVER', 'GOLD', 'GOLD']"
KR_6794106775.json,4.2,"['GOLD', 'GOLD', 'GOLD', 'PLATINUM', 'PLATINUM', 'EMERALD', 'IRON', 'PLATINUM', 'PLATINUM', 'SILVER']"
KR_6799572391.json,2.9,"['GOLD', 'BRONZE', 'SILVER', 'SILVER', 'SILVER', 'SILVER', 'BRONZE', 'SILVER', 'SILVER', 'SILVER']"
KR_6790091453.json,2.8,"['SILVER', 'SILVER', 'BRONZE', 'SILVER', 'SILVER', 'SILVER', 'BRONZE', 'GOLD', 'SILVER', 'BRONZE']"
KR_6789504461.json,3.6,"['SILVER', 'GOLD', 'GOLD', 'GOLD', 'SILVER', 'GOLD', 'GOLD', 'GOLD', 'BRONZE', 'GOLD']"
KR_6790275420.json,3.9,"['PLATINUM', 'GOLD', 'GOLD', 'GOLD', 'GOLD', 'GOLD', 'GOLD', 'SILVER', 'GOLD', 'SILVER']"
KR_6792855916.json,3.6,"['GOLD', 'SILVER', 'SILVER', 'SILVER', 'GOLD', 'GOLD', 'SILVER', 'GOLD', 'GOLD', 'GOLD']"
KR_6790827121.json,4.1,"['PLATINUM', 'PLATINUM', 'PLATINUM', 'GOLD', 'GOLD', 'GOLD', 'GOLD', 'EMERALD', 'BRONZE', 'BRONZE']"
KR_6791918051.json,1.8,"['IRON', 'BRONZE', 'BRONZE', 'BRONZE', 'BRONZE', 'BRONZE', 'BRONZE', 'BRONZE', 'IRON', 'BRONZE']"
KR_6799266199.json,2.4,"['SILVER', 'SILVER', 'BRONZE', 'SILVER', 'BRONZE', 'BRONZE', 'BRONZE', 'SILVER', 'BRONZE', 'BRONZE']"
KR_6798138337.json,2.7,"['SILVER', 'BRONZE', 'SILVER', 'SILVER', 'GOLD', 'BRONZE', 'BRONZE', 'SILVER', 'BRONZE', 'SILVER']"
KR_6799405044.json,2.0,"['BRONZE', 'BRONZE', 'IRON', 'BRONZE', 'BRONZE', 'BRONZE', 'SILVER', 'IRON', 'SILVER', 'BRONZE']"
KR_6791800220.json,2.8,"['SILVER', 'SILVER', 'BRONZE', 'SILVER', 'BRONZE', 'SILVER', 'SILVER', 'GOLD', 'SILVER', 'BRONZE']"
KR_6792328945.json,2.6,"['SILVER', 'SILVER', 'BRONZE', 'SILVER', 'SILVER', 'BRONZE', 'BRONZE', 'BRONZE', 'SILVER', 'SILVER']"
KR_6794844082.json,3.6,"['GOLD', 'GOLD', 'GOLD', 'SILVER', 'GOLD', 'SILVER', 'GOLD', 'SILVER', 'GOLD', 'SILVER']"
KR_6795138585.json,3.5,"['SILVER', 'GOLD', 'GOLD', 'GOLD', 'SILVER', 'GOLD', 'PLATINUM', 'BRONZE', 'GOLD', 'BRONZE']"
KR_6791313572.json,4.0,"['GOLD', 'SILVER', 'GOLD', 'PLATINUM', 'GOLD', 'PLATINUM', 'PLATINUM', 'PLATINUM', 'SILVER', 'BRONZE']"
KR_6795113285.json,2.4,"['BRONZE', 'GOLD', 'BRONZE', 'SILVER', 'BRONZE', 'BRONZE', 'BRONZE', 'SILVER', 'BRONZE', 'BRONZE']"
KR_6791656931.json,3.3,"['SILVER', 'SILVER', 'GOLD', 'SILVER', 'GOLD', 'SILVER', 'GOLD', 'SILVER', 'SILVER', 'SILVER']"
KR_6796376252.json,2.9,"['SILVER', 'SILVER', 'GOLD', 'BRONZE', 'SILVER', 'IRON', 'SILVER', 'BRONZE', 'GOLD', 'GOLD']"
KR_6799381244.json,2.4,"['SILVER', 'BRONZE', 'IRON', 'SILVER', 'GOLD', 'IRON', 'GOLD', 'IRON', 'BRONZE', 'SILVER']"
KR_6790420138.json,3.1,"['SILVER', 'IRON', 'GOLD', 'SILVER', 'SILVER', 'PLATINUM', 'GOLD', 'SILVER', 'IRON', 'GOLD']"
KR_6795115741.json,2.3,"['BRONZE', 'SILVER', 'BRONZE', 'BRONZE', 'BRONZE', 'BRONZE', 'GOLD', 'BRONZE', 'BRONZE', 'BRONZE']"
KR_6793768376.json,2.3,"['BRONZE', 'SILVER', 'BRONZE', 'SILVER', 'BRONZE', 'BRONZE', 'SILVER', 'BRONZE', 'SILVER', 'IRON']"
KR_6798782468.json,3.6,"['GOLD', 'SILVER', 'PLATINUM', 'GOLD', 'SILVER', 'SILVER', 'GOLD', 'SILVER', 'GOLD', 'SILVER']"
KR_6792537917.json,3.5,"['GOLD', 'GOLD', 'GOLD', 'SILVER', 'BRONZE', 'SILVER', 'GOLD', 'SILVER', 'GOLD', 'GOLD']"
KR_6799536312.json,3.6,"['SILVER', 'GOLD', 'SILVER', 'GOLD', 'GOLD', 'GOLD', 'SILVER', 'SILVER', 'PLATINUM', 'SILVER']"
KR_6797917958.json,2.9,"['BRONZE', 'GOLD', 'SILVER', 'GOLD', 'SILVER', 'SILVER', 'BRONZE', 'BRONZE', 'SILVER', 'SILVER']"
KR_6795266703.json,2.8,"['SILVER', 'SILVER', 'SILVER', 'SILVER', 'GOLD', 'SILVER', 'SILVER', 'BRONZE', 'IRON', 'SILVER']"
KR_6799242828.json,3.6,"['GOLD', 'GOLD', 'SILVER', 'PLATINUM', 'GOLD', 'GOLD', 'BRONZE', 'GOLD', 'SILVER', 'SILVER']"
KR_6789554618.json,2.4,"['BRONZE', 'SILVER', 'SILVER', 'SILVER', 'BRONZE', 'SILVER', 'BRONZE', 'BRONZE', 'BRONZE', 'BRONZE']"
KR_6795235879.json,3.4,"['SILVER', 'GOLD', 'GOLD', 'GOLD', 'BRONZE', 'GOLD', 'SILVER', 'SILVER', 'SILVER', 'GOLD']"
KR_6794231038.json,3.3,"['GOLD', 'GOLD', 'GOLD', 'GOLD', 'BRONZE', 'SILVER', 'SILVER', 'SILVER', 'SILVER', 'SILVER']"
KR_6799608258.json,2.1,"['SILVER', 'BRONZE', 'BRONZE', 'BRONZE', 'BRONZE', 'BRONZE', 'BRONZE', 'BRONZE', 'BRONZE', 'BRONZE']"
KR_6791119896.json,2.9,"['BRONZE', 'SILVER', 'GOLD', 'GOLD', 'BRONZE', 'BRONZE', 'GOLD', 'BRONZE', 'SILVER', 'SILVER']"
KR_6792732711.json,1.5,"['SILVER', 'IRON', 'BRONZE', 'IRON', 'IRON', 'IRON', 'BRONZE', 'BRONZE', 'IRON', 'IRON']"
KR_6794082446.json,2.9,"['BRONZE', 'GOLD', 'GOLD', 'SILVER', 'BRONZE', 'BRONZE', 'SILVER', 'SILVER', 'SILVER', 'SILVER']"
KR_6789717383.json,2.6,"['SILVER', 'IRON', 'SILVER', 'BRONZE', 'SILVER', 'SILVER', 'GOLD', 'BRONZE', 'SILVER', 'BRONZE']"
KR_6788914418.json,2.7,"['SILVER', 'GOLD', 'SILVER', 'GOLD', 'BRONZE', 'BRONZE', 'BRONZE', 'GOLD', 'BRONZE', 'IRON']"
KR_6796720047.json,3.9,"['GOLD', 'GOLD', 'SILVER', 'GOLD', 'GOLD', 'GOLD', 'GOLD', 'GOLD', 'GOLD', 'GOLD']"
KR_6792940699.json,1.7,"['IRON', 'BRONZE', 'BRONZE', 'BRONZE', 'BRONZE', 'BRONZE', 'BRONZE', 'BRONZE', 'IRON', 'IRON']"
KR_6795116726.json,3.4,"['BRONZE', 'GOLD', 'GOLD', 'GOLD', 'BRONZE', 'GOLD', 'SILVER', 'GOLD', 'SILVER', 'GOLD']"
KR_6791839228.json,3.1,"['GOLD', 'GOLD', 'BRONZE', 'GOLD', 'SILVER', 'BRONZE', 'GOLD', 'IRON', 'GOLD', 'SILVER']"
KR_6790992274.json,3.1,"['SILVER', 'GOLD', 'SILVER', 'SILVER', 'SILVER', 'SILVER', 'SILVER', 'GOLD', 'SILVER', 'BRONZE']"
KR_6795093379.json,2.5,"['SILVER', 'SILVER', 'SILVER', 'SILVER', 'SILVER', 'BRONZE', 'BRONZE', 'BRONZE', 'SILVER', 'IRON']"
KR_6799333942.json,3.3,"['SILVER', 'GOLD', 'SILVER', 'SILVER', 'GOLD', 'BRONZE', 'BRONZE', 'GOLD', 'GOLD', 'GOLD']"
KR_6793156660.json,3.6,"['GOLD', 'GOLD', 'GOLD', 'PLATINUM', 'SILVER', 'GOLD', 'BRONZE', 'GOLD', 'SILVER', 'SILVER']"
KR_6795554545.json,2.6,"['SILVER', 'BRONZE', 'BRONZE', 'BRONZE', 'BRONZE', 'SILVER', 'BRONZE', 'GOLD', 'SILVER', 'SILVER']"
KR_6796149613.json,2.7,"['BRONZE', 'BRONZE', 'GOLD', 'SILVER', 'SILVER', 'SILVER', 'BRONZE', 'GOLD', 'BRONZE', 'BRONZE']"
KR_6791591836.json,2.4,"['BRONZE', 'BRONZE', 'SILVER', 'IRON', 'SILVER', 'BRONZE', 'SILVER', 'BRONZE', 'SILVER', 'SILVER']"
KR_6795914873.json,3.7,"['PLATINUM', 'GOLD', 'GOLD', 'GOLD', 'SILVER', 'SILVER', 'SILVER', 'SILVER', 'GOLD', 'GOLD']"
KR_6797863112.json,3.5,"['SILVER', 'GOLD', 'GOLD', 'GOLD', 'SILVER', 'GOLD', 'BRONZE', 'GOLD', 'GOLD', 'SILVER']"
KR_6794782970.json,3.8,"['GOLD', 'SILVER', 'GOLD', 'GOLD', 'BRONZE', 'PLATINUM', 'GOLD', 'GOLD', 'GOLD', 'GOLD']"
KR_6792201421.json,2.6,"['SILVER', 'BRONZE', 'BRONZE', 'SILVER', 'BRONZE', 'SILVER', 'SILVER', 'SILVER', 'SILVER', 'BRONZE']"
KR_6793026837.json,3.3,"['BRONZE', 'GOLD', 'GOLD', 'GOLD', 'SILVER', 'SILVER', 'SILVER', 'SILVER', 'SILVER', 'GOLD']"
KR_6794813198.json,3.0,"['SILVER', 'BRONZE', 'SILVER', 'BRONZE', 'SILVER', 'BRONZE', 'EMERALD', 'SILVER', 'SILVER', 'SILVER']"
KR_6793585263.json,3.6,"['GOLD', 'SILVER', 'SILVER', 'PLATINUM', 'GOLD', 'BRONZE', 'GOLD', 'GOLD', 'SILVER', 'GOLD']"
KR_6799614864.json,2.0,"['BRONZE', 'BRONZE', 'BRONZE', 'BRONZE', 'BRONZE', 'BRONZE', 'BRONZE', 'IRON', 'BRONZE', 'SILVER']"
KR_6797859081.json,3.3,"['GOLD', 'BRONZE', 'GOLD', 'SILVER', 'IRON', 'GOLD', 'GOLD', 'GOLD', 'SILVER', 'GOLD']"
KR_6791973593.json,2.6,"['BRONZE', 'SILVER', 'BRONZE', 'SILVER', 'BRONZE', 'GOLD', 'BRONZE', 'SILVER', 'GOLD', 'IRON']"
KR_6798699981.json,2.3,"['SILVER', 'BRONZE', 'BRONZE', 'BRONZE', 'IRON', 'GOLD', 'SILVER', 'IRON', 'BRONZE', 'SILVER']"
KR_6791576390.json,3.1,"['SILVER', 'SILVER', 'GOLD', 'BRONZE', 'SILVER', 'SILVER', 'SILVER', 'SILVER', 'GOLD', 'SILVER']"
KR_6799240284.json,3.0,"['GOLD', 'BRONZE', 'SILVER', 'GOLD', 'IRON', 'GOLD', 'SILVER', 'BRONZE', 'SILVER', 'GOLD']"
KR_6796042059.json,3.2,"['SILVER', 'SILVER', 'GOLD', 'SILVER', 'GOLD', 'BRONZE', 'GOLD', 'SILVER', 'SILVER', 'SILVER']"
KR_6793199881.json,2.6,"['BRONZE', 'SILVER', 'BRONZE', 'BRONZE', 'BRONZE', 'GOLD', 'GOLD', 'SILVER', 'SILVER', 'IRON']"
KR_6796874647.json,3.0,"['GOLD', 'SILVER', 'SILVER', 'BRONZE', 'SILVER', 'SILVER', 'BRONZE', 'SILVER', 'GOLD', 'SILVER']"
KR_6794329973.json,3.8,"['GOLD', 'SILVER', 'GOLD', 'GOLD', 'GOLD', 'PLATINUM', 'SILVER', 'GOLD', 'SILVER', 'GOLD']"
KR_6790243527.json,3.2,"['GOLD', 'GOLD', 'BRONZE', 'SILVER', 'GOLD', 'SILVER', 'BRONZE', 'SILVER', 'GOLD', 'SILVER']"
KR_6789667586.json,4.0,"['GOLD', 'GOLD', 'GOLD', 'GOLD', 'SILVER', 'GOLD', 'GOLD', 'GOLD', 'PLATINUM', 'GOLD']"
KR_6793032971.json,2.9,"['SILVER', 'BRONZE', 'BRONZE', 'PLATINUM', 'BRONZE', 'BRONZE', 'SILVER', 'SILVER', 'SILVER', 'GOLD']"
KR_6799618186.json,3.0,"['PLATINUM', 'SILVER', 'BRONZE', 'BRONZE', 'SILVER', 'SILVER', 'SILVER', 'BRONZE', 'GOLD', 'SILVER']"
KR_6795237276.json,2.4,"['IRON', 'BRONZE', 'SILVER', 'GOLD', 'BRONZE', 'SILVER', 'IRON', 'SILVER', 'BRONZE', 'SILVER']"
KR_6789169337.json,4.6,"['GOLD', 'PLATINUM', 'SILVER', 'GOLD', 'PLATINUM', 'PLATINUM', 'PLATINUM', 'PLATINUM', 'PLATINUM', 'PLATINUM']"
KR_6790462914.json,2.5,"['BRONZE', 'BRONZE', 'BRONZE', 'SILVER', 'SILVER', 'BRONZE', 'BRONZE', 'GOLD', 'SILVER', 'BRONZE']"
KR_6798610602.json,3.3,"['GOLD', 'BRONZE', 'SILVER', 'SILVER', 'SILVER', 'GOLD', 'SILVER', 'GOLD', 'GOLD', 'SILVER']"
KR_6795319359.json,2.0,"['BRONZE', 'BRONZE', 'IRON', 'SILVER', 'BRONZE', 'BRONZE', 'BRONZE', 'BRONZE', 'BRONZE', 'BRONZE']"
KR_6798354800.json,3.6,"['GOLD', 'GOLD', 'GOLD', 'SILVER', 'SILVER', 'GOLD', 'GOLD', 'GOLD', 'BRONZE', 'GOLD']"
KR_6799326452.json,3.0,"['SILVER', 'SILVER', 'PLATINUM', 'SILVER', 'GOLD', 'SILVER', 'BRONZE', 'SILVER', 'IRON', 'SILVER']"
KR_6798805789.json,3.4,"['SILVER', 'GOLD', 'SILVER', 'SILVER', 'GOLD', 'GOLD', 'SILVER', 'SILVER', 'GOLD', 'SILVER']"
KR_6790038755.json,2.9,"['SILVER', 'GOLD', 'SILVER', 'BRONZE', 'SILVER', 'SILVER', 'SILVER', 'BRONZE', 'SILVER', 'SILVER']"
KR_6799603210.json,3.4,"['SILVER', 'GOLD', 'GOLD', 'BRONZE', 'SILVER', 'SILVER', 'GOLD', 'GOLD', 'GOLD', 'SILVER']"
KR_6791779963.json,3.8,"['PLATINUM', 'SILVER', 'GOLD', 'PLATINUM', 'BRONZE', 'BRONZE', 'GOLD', 'PLATINUM', 'GOLD', 'GOLD']"
KR_6790145582.json,2.4,"['SILVER', 'GOLD', 'BRONZE', 'SILVER', 'BRONZE', 'SILVER', 'BRONZE', 'BRONZE', 'BRONZE', 'IRON']"
KR_6799235960.json,2.3,"['BRONZE', 'IRON', 'BRONZE', 'GOLD', 'BRONZE', 'BRONZE', 'BRONZE', 'SILVER', 'BRONZE', 'SILVER']"
KR_6796641161.json,2.8,"['SILVER', 'GOLD', 'BRONZE', 'SILVER', 'BRONZE', 'SILVER', 'PLATINUM', 'BRONZE', 'SILVER', 'IRON']"
KR_6799186600.json,4.7,"['PLATINUM', 'GOLD', 'GOLD', 'PLATINUM', 'PLATINUM', 'GOLD', 'EMERALD', 'GOLD', 'PLATINUM', 'PLATINUM']"
KR_6796654503.json,3.6,"['BRONZE', 'SILVER', 'PLATINUM', 'SILVER', 'SILVER', 'GOLD', 'GOLD', 'GOLD', 'GOLD', 'GOLD']"
KR_6798149925.json,2.9,"['BRONZE', 'SILVER', 'BRONZE', 'SILVER', 'SILVER', 'SILVER', 'GOLD', 'SILVER', 'SILVER', 'SILVER']"
KR_6795715564.json,3.2,"['SILVER', 'GOLD', 'SILVER', 'PLATINUM', 'IRON', 'BRONZE', 'GOLD', 'SILVER', 'SILVER', 'GOLD']"
KR_6796629033.json,3.4,"['PLATINUM', 'SILVER', 'SILVER', 'GOLD', 'GOLD', 'SILVER', 'GOLD', 'BRONZE', 'GOLD', 'BRONZE']"
KR_6792225545.json,2.7,"['BRONZE', 'SILVER', 'SILVER', 'GOLD', 'SILVER', 'SILVER', 'BRONZE', 'SILVER', 'BRONZE', 'BRONZE']"
KR_6798774450.json,3.9,"['GOLD', 'GOLD', 'PLATINUM', 'GOLD', 'GOLD', 'SILVER', 'SILVER', 'PLATINUM', 'GOLD', 'SILVER']"
KR_6796842230.json,3.1,"['GOLD', 'SILVER', 'SILVER', 'BRONZE', 'BRONZE', 'GOLD', 'BRONZE', 'GOLD', 'SILVER', 'GOLD']"
KR_6798037609.json,2.9,"['SILVER', 'SILVER', 'GOLD', 'BRONZE', 'SILVER', 'SILVER', 'BRONZE', 'GOLD', 'SILVER', 'BRONZE']"
KR_6793559236.json,3.0,"['SILVER', 'SILVER', 'SILVER', 'SILVER', 'SILVER', 'SILVER', 'GOLD', 'BRONZE', 'SILVER', 'SILVER']"
KR_6795060418.json,2.7,"['IRON', 'GOLD', 'BRONZE', 'GOLD', 'BRONZE', 'GOLD', 'SILVER', 'BRONZE', 'SILVER', 'BRONZE']"
KR_6799205558.json,3.1,"['SILVER', 'GOLD', 'BRONZE', 'SILVER', 'SILVER', 'SILVER', 'GOLD', 'SILVER', 'GOLD', 'BRONZE']"
KR_6798245247.json,2.9,"['SILVER', 'BRONZE', 'PLATINUM', 'SILVER', 'SILVER', 'SILVER', 'SILVER', 'IRON', 'SILVER', 'SILVER']"
KR_6795112035.json,3.8,"['GOLD', 'SILVER', 'SILVER', 'GOLD', 'GOLD', 'SILVER', 'GOLD', 'PLATINUM', 'GOLD', 'GOLD']"
KR_6796431503.json,3.0,"['SILVER', 'SILVER', 'SILVER', 'BRONZE', 'SILVER', 'GOLD', 'BRONZE', 'SILVER', 'GOLD', 'SILVER']"
KR_6798357138.json,2.9,"['BRONZE', 'SILVER', 'SILVER', 'BRONZE', 'GOLD', 'SILVER', 'SILVER', 'SILVER', 'SILVER', 'SILVER']"
KR_6795216473.json,1.8,"['BRONZE', 'BRONZE', 'BRONZE', 'IRON', 'BRONZE', 'GOLD', 'IRON', 'BRONZE', 'IRON', 'IRON']"
KR_6792622572.json,3.3,"['GOLD', 'GOLD', 'GOLD', 'SILVER', 'IRON', 'GOLD', 'SILVER', 'GOLD', 'SILVER', 'SILVER']"
KR_6797820844.json,2.2,"['BRONZE', 'BRONZE', 'BRONZE', 'SILVER', 'BRONZE', 'BRONZE', 'BRONZE', 'BRONZE', 'SILVER', 'BRONZE']"
KR_6797087377.json,2.3,"['BRONZE', 'SILVER', 'BRONZE', 'BRONZE', 'BRONZE', 'IRON', 'SILVER', 'SILVER', 'SILVER', 'BRONZE']"
KR_6797291194.json,3.5,"['SILVER', 'GOLD', 'SILVER', 'GOLD', 'GOLD', 'GOLD', 'SILVER', 'GOLD', 'GOLD', 'BRONZE']"
KR_6793094932.json,3.6,"['SILVER', 'GOLD', 'GOLD', 'PLATINUM', 'GOLD', 'SILVER', 'GOLD', 'BRONZE', 'GOLD', 'SILVER']"
KR_6788911023.json,2.5,"['SILVER', 'SILVER', 'SILVER', 'SILVER', 'IRON', 'SILVER', 'BRONZE', 'SILVER', 'SILVER', 'IRON']"
KR_6795975598.json,3.9,"['PLATINUM', 'GOLD', 'IRON', 'GOLD', 'PLATINUM', 'PLATINUM', 'GOLD', 'PLATINUM', 'SILVER', 'SILVER']"
KR_6799132371.json,3.2,"['BRONZE', 'SILVER', 'SILVER', 'PLATINUM', 'SILVER', 'GOLD', 'SILVER', 'SILVER', 'SILVER', 'SILVER']"
KR_6795052748.json,1.8,"['IRON', 'IRON', 'SILVER', 'IRON', 'BRONZE', 'BRONZE', 'BRONZE', 'BRONZE', 'BRONZE', 'BRONZE']"
KR_6797158515.json,3.1,"['BRONZE', 'GOLD', 'SILVER', 'SILVER', 'GOLD', 'SILVER', 'BRONZE', 'SILVER', 'SILVER', 'GOLD']"
KR_6796788255.json,3.3,"['SILVER', 'GOLD', 'IRON', 'GOLD', 'GOLD', 'SILVER', 'BRONZE', 'GOLD', 'GOLD', 'GOLD']"
KR_6797132099.json,3.2,"['SILVER', 'SILVER', 'SILVER', 'SILVER', 'BRONZE', 'GOLD', 'SILVER', 'SILVER', 'GOLD', 'GOLD']"
KR_6789708822.json,3.1,"['SILVER', 'BRONZE', 'GOLD', 'GOLD', 'BRONZE', 'GOLD', 'GOLD', 'BRONZE', 'SILVER', 'SILVER']"
KR_6799770323.json,3.2,"['SILVER', 'SILVER', 'GOLD', 'SILVER', 'BRONZE', 'SILVER', 'SILVER', 'SILVER', 'GOLD', 'GOLD']"
KR_6796984956.json,3.3,"['GOLD', 'GOLD', 'GOLD', 'GOLD', 'SILVER', 'BRONZE', 'BRONZE', 'BRONZE', 'GOLD', 'GOLD']"
KR_6797023456.json,1.5,"['IRON', 'BRONZE', 'IRON', 'IRON', 'IRON', 'BRONZE', 'BRONZE', 'BRONZE', 'IRON', 'BRONZE']"
KR_6799608289.json,4.0,"['GOLD', 'GOLD', 'SILVER', 'GOLD', 'GOLD', 'GOLD', 'GOLD', 'GOLD', 'PLATINUM', 'GOLD']"
KR_6794764815.json,3.7,"['PLATINUM', 'BRONZE', 'GOLD', 'GOLD', 'GOLD', 'SILVER', 'SILVER', 'GOLD', 'GOLD', 'GOLD']"
KR_6796502356.json,4.1,"['GOLD', 'SILVER', 'GOLD', 'PLATINUM', 'PLATINUM', 'GOLD', 'GOLD', 'GOLD', 'GOLD', 'GOLD']"
KR_6791669914.json,2.7,"['SILVER', 'BRONZE', 'SILVER', 'GOLD', 'IRON', 'BRONZE', 'BRONZE', 'GOLD', 'SILVER', 'SILVER']"
KR_6796944377.json,3.3,"['SILVER', 'GOLD', 'SILVER', 'SILVER', 'BRONZE', 'SILVER', 'GOLD', 'SILVER', 'GOLD', 'GOLD']"
KR_6790457689.json,3.2,"['SILVER', 'GOLD', 'SILVER', 'GOLD', 'BRONZE', 'SILVER', 'GOLD', 'BRONZE', 'SILVER', 'GOLD']"
KR_6792505593.json,3.0,"['BRONZE', 'BRONZE', 'BRONZE', 'SILVER', 'SILVER', 'GOLD', 'GOLD', 'GOLD', 'IRON', 'PLATINUM']"
KR_6799186714.json,3.6,"['SILVER', 'GOLD', 'GOLD', 'GOLD', 'GOLD', 'GOLD', 'SILVER', 'SILVER', 'GOLD', 'SILVER']"
KR_6795091494.json,3.0,"['SILVER', 'SILVER', 'SILVER', 'BRONZE', 'SILVER', 'GOLD', 'SILVER', 'SILVER', 'SILVER', 'SILVER']"
KR_6799783645.json,1.8,"['BRONZE', 'IRON', 'IRON', 'BRONZE', 'BRONZE', 'BRONZE', 'BRONZE', 'BRONZE', 'BRONZE', 'BRONZE']"
KR_6789068140.json,4.4,"['SILVER', 'PLATINUM', 'GOLD', 'GOLD', 'PLATINUM', 'GOLD', 'GOLD', 'PLATINUM', 'GOLD', 'EMERALD']"
KR_6797384692.json,4.3,"['GOLD', 'GOLD', 'SILVER', 'PLATINUM', 'GOLD', 'PLATINUM', 'PLATINUM', 'PLATINUM', 'GOLD', 'GOLD']"
KR_6790197910.json,3.0,"['SILVER', 'BRONZE', 'GOLD', 'SILVER', 'GOLD', 'GOLD', 'BRONZE', 'GOLD', 'BRONZE', 'BRONZE']"
KR_6789139714.json,2.6,"['SILVER', 'GOLD', 'BRONZE', 'BRONZE', 'BRONZE', 'IRON', 'GOLD', 'BRONZE', 'GOLD', 'BRONZE']"
KR_6795376633.json,3.1,"['SILVER', 'SILVER', 'SILVER', 'BRONZE', 'PLATINUM', 'SILVER', 'BRONZE', 'GOLD', 'SILVER', 'SILVER']"
KR_6791213992.json,4.0,"['GOLD', 'GOLD', 'GOLD', 'PLATINUM', 'SILVER', 'PLATINUM', 'PLATINUM', 'PLATINUM', 'GOLD', 'IRON']"
KR_6798535084.json,3.6,"['GOLD', 'GOLD', 'GOLD', 'SILVER', 'SILVER', 'SILVER', 'SILVER', 'GOLD', 'GOLD', 'GOLD']"
KR_6793959533.json,3.6,"['GOLD', 'GOLD', 'GOLD', 'BRONZE', 'GOLD', 'SILVER', 'SILVER', 'GOLD', 'GOLD', 'GOLD']"
KR_6796079699.json,3.3,"['SILVER', 'SILVER', 'SILVER', 'SILVER', 'GOLD', 'SILVER', 'GOLD', 'GOLD', 'SILVER', 'SILVER']"
KR_6795839398.json,3.7,"['GOLD', 'GOLD', 'BRONZE', 'GOLD', 'GOLD', 'GOLD', 'GOLD', 'GOLD', 'GOLD', 'SILVER']"
KR_6790928280.json,2.0,"['BRONZE', 'BRONZE', 'BRONZE', 'BRONZE', 'BRONZE', 'BRONZE', 'IRON', 'BRONZE', 'BRONZE', 'SILVER']"
KR_6795143563.json,2.7,"['BRONZE', 'BRONZE', 'BRONZE', 'SILVER', 'BRONZE', 'SILVER', 'SILVER', 'BRONZE', 'GOLD', 'GOLD']"
KR_6789431151.json,2.9,"['SILVER', 'BRONZE', 'GOLD', 'BRONZE', 'SILVER', 'BRONZE', 'SILVER', 'GOLD', 'GOLD', 'BRONZE']"
KR_6797537744.json,3.1,"['SILVER', 'GOLD', 'BRONZE', 'GOLD', 'BRONZE', 'SILVER', 'GOLD', 'GOLD', 'BRONZE', 'SILVER']"
KR_6794133633.json,2.8,"['BRONZE', 'BRONZE', 'SILVER', 'BRONZE', 'SILVER', 'SILVER', 'BRONZE', 'GOLD', 'SILVER', 'GOLD']"
KR_6796429539.json,3.7,"['SILVER', 'GOLD', 'SILVER', 'SILVER', 'GOLD', 'GOLD', 'GOLD', 'GOLD', 'GOLD', 'GOLD']"
KR_6788989899.json,2.8,"['IRON', 'SILVER', 'BRONZE', 'GOLD', 'SILVER', 'BRONZE', 'BRONZE', 'GOLD', 'SILVER', 'GOLD']"
KR_6796762403.json,4.3,"['GOLD', 'GOLD', 'GOLD', 'GOLD', 'PLATINUM', 'GOLD', 'GOLD', 'PLATINUM', 'GOLD', 'PLATINUM']"
KR_6790042415.json,2.9,"['SILVER', 'GOLD', 'BRONZE', 'GOLD', 'SILVER', 'SILVER', 'SILVER', 'BRONZE', 'SILVER', 'BRONZE']"
KR_6794341643.json,2.8,"['BRONZE', 'SILVER', 'GOLD', 'GOLD', 'SILVER', 'BRONZE', 'SILVER', 'BRONZE', 'BRONZE', 'SILVER']"
KR_6798290277.json,2.9,"['GOLD', 'BRONZE', 'IRON', 'SILVER', 'SILVER', 'SILVER', 'GOLD', 'BRONZE', 'SILVER', 'GOLD']"
KR_6794291711.json,1.3,"['IRON', 'BRONZE', 'BRONZE', 'IRON', 'IRON', 'IRON', 'IRON', 'BRONZE', 'IRON', 'IRON']"
KR_6792852148.json,3.0,"['SILVER', 'GOLD', 'BRONZE', 'BRONZE', 'SILVER', 'SILVER', 'GOLD', 'SILVER', 'PLATINUM', 'IRON']"
KR_6799588653.json,1.6,"['BRONZE', 'IRON', 'SILVER', 'BRONZE', 'IRON', 'BRONZE', 'IRON', 'IRON', 'BRONZE', 'IRON']"
KR_6792959684.json,2.9,"['SILVER', 'GOLD', 'SILVER', 'SILVER', 'SILVER', 'SILVER', 'GOLD', 'SILVER', 'IRON', 'BRONZE']"
KR_6797963254.json,3.2,"['SILVER', 'SILVER', 'SILVER', 'BRONZE', 'GOLD', 'GOLD', 'GOLD', 'GOLD', 'BRONZE', 'SILVER']"
KR_6796972544.json,3.1,"['IRON', 'BRONZE', 'GOLD', 'PLATINUM', 'PLATINUM', 'SILVER', 'GOLD', 'BRONZE', 'GOLD', 'IRON']"
KR_6788955282.json,2.6,"['SILVER', 'IRON', 'SILVER', 'GOLD', 'BRONZE', 'BRONZE', 'SILVER', 'BRONZE', 'BRONZE', 'GOLD']"
KR_6796351491.json,3.7,"['SILVER', 'EMERALD', 'GOLD', 'GOLD', 'GOLD', 'GOLD', 'IRON', 'SILVER', 'GOLD', 'GOLD']"
KR_6799561503.json,3.8,"['IRON', 'BRONZE', 'GOLD', 'PLATINUM', 'PLATINUM', 'GOLD', 'PLATINUM', 'GOLD', 'GOLD', 'GOLD']"
KR_6797483124.json,4.1,"['GOLD', 'GOLD', 'GOLD', 'PLATINUM', 'GOLD', 'GOLD', 'GOLD', 'GOLD', 'GOLD', 'GOLD']"
KR_6799746814.json,2.9,"['SILVER', 'BRONZE', 'SILVER', 'SILVER', 'SILVER', 'BRONZE', 'SILVER', 'SILVER', 'GOLD', 'SILVER']"
KR_6791461342.json,3.7,"['GOLD', 'SILVER', 'GOLD', 'BRONZE', 'SILVER', 'GOLD', 'GOLD', 'GOLD', 'PLATINUM', 'GOLD']"
KR_6795440525.json,1.7,"['IRON', 'IRON', 'BRONZE', 'BRONZE', 'SILVER', 'IRON', 'IRON', 'BRONZE', 'BRONZE', 'BRONZE']"
KR_6799612203.json,3.4,"['GOLD', 'BRONZE', 'GOLD', 'BRONZE', 'SILVER', 'GOLD', 'PLATINUM', 'SILVER', 'GOLD', 'SILVER']"
KR_6790386106.json,2.9,"['BRONZE', 'SILVER', 'SILVER', 'SILVER', 'SILVER', 'GOLD', 'BRONZE', 'SILVER', 'SILVER', 'SILVER']"
KR_6797347717.json,3.6,"['GOLD', 'GOLD', 'GOLD', 'SILVER', 'BRONZE', 'PLATINUM', 'SILVER', 'GOLD', 'GOLD', 'SILVER']"
KR_6799777149.json,3.9,"['GOLD', 'GOLD', 'PLATINUM', 'SILVER', 'SILVER', 'PLATINUM', 'GOLD', 'PLATINUM', 'SILVER', 'SILVER']"
KR_6796021495.json,3.0,"['BRONZE', 'PLATINUM', 'GOLD', 'BRONZE', 'BRONZE', 'GOLD', 'BRONZE', 'SILVER', 'SILVER', 'SILVER']"
KR_6789752721.json,3.1,"['SILVER', 'IRON', 'BRONZE', 'GOLD', 'GOLD', 'SILVER', 'SILVER', 'SILVER', 'GOLD', 'GOLD']"
KR_6794179926.json,2.6,"['BRONZE', 'BRONZE', 'GOLD', 'BRONZE', 'SILVER', 'SILVER', 'BRONZE', 'SILVER', 'BRONZE', 'SILVER']"
KR_6792396182.json,3.0,"['IRON', 'SILVER', 'SILVER', 'SILVER', 'SILVER', 'BRONZE', 'GOLD', 'SILVER', 'GOLD', 'GOLD']"
KR_6792953640.json,3.5,"['SILVER', 'BRONZE', 'SILVER', 'GOLD', 'GOLD', 'GOLD', 'GOLD', 'GOLD', 'GOLD', 'SILVER']"
KR_6795061226.json,3.2,"['BRONZE', 'SILVER', 'GOLD', 'GOLD', 'SILVER', 'BRONZE', 'SILVER', 'PLATINUM', 'SILVER', 'SILVER']"
KR_6789023604.json,3.0,"['SILVER', 'BRONZE', 'SILVER', 'SILVER', 'SILVER', 'SILVER', 'BRONZE', 'GOLD', 'SILVER', 'GOLD']"
KR_6795432769.json,2.7,"['SILVER', 'BRONZE', 'GOLD', 'SILVER', 'BRONZE', 'IRON', 'BRONZE', 'SILVER', 'GOLD', 'SILVER']"
KR_6792131383.json,3.1,"['SILVER', 'BRONZE', 'SILVER', 'GOLD', 'GOLD', 'GOLD', 'IRON', 'SILVER', 'GOLD', 'SILVER']"
KR_6790378680.json,2.5,"['BRONZE', 'SILVER', 'SILVER', 'SILVER', 'IRON', 'BRONZE', 'SILVER', 'BRONZE', 'SILVER', 'SILVER']"
KR_6796615427.json,3.2,"['GOLD', 'GOLD', 'SILVER', 'IRON', 'BRONZE', 'PLATINUM', 'SILVER', 'GOLD', 'BRONZE', 'GOLD']"
KR_6796959583.json,2.7,"['BRONZE', 'GOLD', 'SILVER', 'SILVER', 'BRONZE', 'GOLD', 'IRON', 'BRONZE', 'SILVER', 'SILVER']"
KR_6794906263.json,2.9,"['GOLD', 'SILVER', 'SILVER', 'PLATINUM', 'BRONZE', 'BRONZE', 'SILVER', 'SILVER', 'IRON', 'SILVER']"
KR_6799823890.json,2.2,"['BRONZE', 'BRONZE', 'SILVER', 'BRONZE', 'SILVER', 'BRONZE', 'BRONZE', 'BRONZE', 'SILVER', 'IRON']"
KR_6797584383.json,3.3,"['GOLD', 'BRONZE', 'SILVER', 'SILVER', 'GOLD', 'GOLD', 'GOLD', 'GOLD', 'SILVER', 'BRONZE']"
KR_6789924507.json,2.6,"['BRONZE', 'BRONZE', 'SILVER', 'SILVER', 'SILVER', 'SILVER', 'SILVER', 'SILVER', 'BRONZE', 'BRONZE']"
KR_6798481924.json,2.5,"['BRONZE', 'BRONZE', 'SILVER', 'BRONZE', 'SILVER', 'BRONZE', 'SILVER', 'GOLD', 'BRONZE', 'BRONZE']"
KR_6793516868.json,1.5,"['BRONZE', 'BRONZE', 'IRON', 'BRONZE', 'IRON', 'IRON', 'IRON', 'IRON', 'BRONZE', 'BRONZE']"
KR_6791849392.json,3.1,"['BRONZE', 'GOLD', 'SILVER', 'SILVER', 'SILVER', 'SILVER', 'SILVER', 'GOLD', 'SILVER', 'SILVER']"
KR_6796865864.json,3.3,"['IRON', 'GOLD', 'SILVER', 'GOLD', 'BRONZE', 'GOLD', 'GOLD', 'GOLD', 'SILVER', 'GOLD']"
KR_6799330116.json,2.8,"['SILVER', 'BRONZE', 'SILVER', 'BRONZE', 'SILVER', 'GOLD', 'GOLD', 'SILVER', 'BRONZE', 'BRONZE']"
KR_6799350449.json,2.5,"['BRONZE', 'SILVER', 'SILVER', 'IRON', 'GOLD', 'SILVER', 'BRONZE', 'BRONZE', 'SILVER', 'BRONZE']"
KR_6798593525.json,2.4,"['BRONZE', 'BRONZE', 'SILVER', 'BRONZE', 'BRONZE', 'BRONZE', 'SILVER', 'BRONZE', 'SILVER', 'SILVER']"
KR_6790102641.json,3.3,"['BRONZE', 'GOLD', 'BRONZE', 'GOLD', 'SILVER', 'GOLD', 'SILVER', 'PLATINUM', 'BRONZE', 'GOLD']"
KR_6790611206.json,3.2,"['GOLD', 'SILVER', 'SILVER', 'SILVER', 'BRONZE', 'SILVER', 'GOLD', 'GOLD', 'SILVER', 'SILVER']"
KR_6793943750.json,2.5,"['SILVER', 'BRONZE', 'SILVER', 'BRONZE', 'BRONZE', 'BRONZE', 'SILVER', 'BRONZE', 'GOLD', 'BRONZE']"
KR_6789314860.json,2.3,"['GOLD', 'SILVER', 'BRONZE', 'SILVER', 'IRON', 'BRONZE', 'SILVER', 'SILVER', 'IRON', 'IRON']"
KR_6796409061.json,3.0,"['SILVER', 'SILVER', 'GOLD', 'SILVER', 'BRONZE', 'SILVER', 'BRONZE', 'GOLD', 'SILVER', 'SILVER']"
KR_6789270140.json,2.0,"['BRONZE', 'IRON', 'BRONZE', 'SILVER', 'BRONZE', 'BRONZE', 'BRONZE', 'BRONZE', 'BRONZE', 'BRONZE']"
KR_6792795978.json,1.6,"['IRON', 'BRONZE', 'IRON', 'BRONZE', 'IRON', 'IRON', 'BRONZE', 'SILVER', 'BRONZE', 'IRON']"
KR_6794647199.json,2.8,"['SILVER', 'BRONZE', 'GOLD', 'SILVER', 'SILVER', 'SILVER', 'SILVER', 'SILVER', 'BRONZE', 'BRONZE']"
KR_6790084867.json,3.5,"['GOLD', 'PLATINUM', 'SILVER', 'SILVER', 'SILVER', 'SILVER', 'GOLD', 'SILVER', 'GOLD', 'SILVER']"
KR_6799240244.json,2.8,"['GOLD', 'SILVER', 'BRONZE', 'SILVER', 'BRONZE', 'SILVER', 'SILVER', 'SILVER', 'IRON', 'GOLD']"
KR_6796955344.json,3.1,"['SILVER', 'SILVER', 'SILVER', 'SILVER', 'SILVER', 'GOLD', 'GOLD', 'SILVER', 'BRONZE', 'SILVER']"
KR_6796533511.json,2.9,"['SILVER', 'BRONZE', 'SILVER', 'BRONZE', 'GOLD', 'SILVER', 'SILVER', 'SILVER', 'SILVER', 'SILVER']"
KR_6798674449.json,3.1,"['GOLD', 'IRON', 'SILVER', 'GOLD', 'BRONZE', 'GOLD', 'SILVER', 'SILVER', 'SILVER', 'GOLD']"
KR_6797815892.json,3.9,"['PLATINUM', 'GOLD', 'GOLD', 'SILVER', 'BRONZE', 'GOLD', 'GOLD', 'GOLD', 'GOLD', 'PLATINUM']"
KR_6799293658.json,3.4,"['GOLD', 'GOLD', 'GOLD', 'SILVER', 'GOLD', 'GOLD', 'GOLD', 'SILVER', 'IRON', 'SILVER']"
KR_6799227251.json,3.2,"['SILVER', 'PLATINUM', 'SILVER', 'GOLD', 'BRONZE', 'GOLD', 'BRONZE', 'GOLD', 'BRONZE', 'SILVER']"
KR_6799408616.json,2.9,"['GOLD', 'BRONZE', 'BRONZE', 'SILVER', 'GOLD', 'GOLD', 'BRONZE', 'IRON', 'SILVER', 'GOLD']"
KR_6796800070.json,3.4,"['GOLD', 'GOLD', 'GOLD', 'GOLD', 'GOLD', 'GOLD', 'BRONZE', 'SILVER', 'SILVER', 'BRONZE']"
KR_6796805622.json,4.2,"['EMERALD', 'BRONZE', 'PLATINUM', 'PLATINUM', 'PLATINUM', 'BRONZE', 'PLATINUM', 'GOLD', 'GOLD', 'GOLD']"
KR_6789024061.json,3.0,"['SILVER', 'SILVER', 'GOLD', 'GOLD', 'SILVER', 'BRONZE', 'SILVER', 'SILVER', 'SILVER', 'BRONZE']"
KR_6797505938.json,3.5,"['GOLD', 'SILVER', 'GOLD', 'PLATINUM', 'GOLD', 'SILVER', 'SILVER', 'SILVER', 'GOLD', 'BRONZE']"
KR_6789928134.json,3.0,"['BRONZE', 'BRONZE', 'GOLD', 'BRONZE', 'GOLD', 'GOLD', 'BRONZE', 'GOLD', 'GOLD', 'BRONZE']"
KR_6796032196.json,3.6,"['GOLD', 'PLATINUM', 'BRONZE', 'BRONZE', 'GOLD', 'PLATINUM', 'SILVER', 'GOLD', 'SILVER', 'GOLD']"
KR_6789131479.json,3.2,"['SILVER', 'SILVER', 'SILVER', 'PLATINUM', 'BRONZE', 'SILVER', 'GOLD', 'BRONZE', 'SILVER', 'GOLD']"
KR_6799433379.json,2.8,"['SILVER', 'SILVER', 'BRONZE', 'BRONZE', 'SILVER', 'SILVER', 'SILVER', 'SILVER', 'SILVER', 'SILVER']"
KR_6797966300.json,4.2,"['GOLD', 'GOLD', 'GOLD', 'PLATINUM', 'SILVER', 'PLATINUM', 'GOLD', 'PLATINUM', 'GOLD', 'GOLD']"
KR_6795320760.json,3.8,"['GOLD', 'GOLD', 'PLATINUM', 'GOLD', 'GOLD', 'GOLD', 'SILVER', 'SILVER', 'SILVER', 'GOLD']"
KR_6793688824.json,4.3,"['GOLD', 'PLATINUM', 'PLATINUM', 'GOLD', 'GOLD', 'PLATINUM', 'BRONZE', 'PLATINUM', 'PLATINUM', 'GOLD']"
KR_6790174661.json,3.2,"['GOLD', 'SILVER', 'BRONZE', 'SILVER', 'SILVER', 'SILVER', 'SILVER', 'PLATINUM', 'SILVER', 'SILVER']"
KR_6793519208.json,2.5,"['SILVER', 'SILVER', 'SILVER', 'BRONZE', 'BRONZE', 'SILVER', 'BRONZE', 'BRONZE', 'SILVER', 'BRONZE']"
KR_6793047104.json,3.3,"['SILVER', 'GOLD', 'SILVER', 'GOLD', 'BRONZE', 'SILVER', 'GOLD', 'SILVER', 'GOLD', 'SILVER']"
KR_6795380347.json,3.7,"['BRONZE', 'GOLD', 'SILVER', 'GOLD', 'GOLD', 'GOLD', 'GOLD', 'SILVER', 'PLATINUM', 'GOLD']"
KR_6799189576.json,3.4,"['SILVER', 'SILVER', 'GOLD', 'GOLD', 'GOLD', 'BRONZE', 'GOLD', 'SILVER', 'BRONZE', 'PLATINUM']"
KR_6797026235.json,3.6,"['GOLD', 'BRONZE', 'GOLD', 'SILVER', 'GOLD', 'PLATINUM', 'SILVER', 'GOLD', 'SILVER', 'GOLD']"
KR_6798037459.json,3.7,"['GOLD', 'GOLD', 'BRONZE', 'GOLD', 'SILVER', 'IRON', 'PLATINUM', 'PLATINUM', 'PLATINUM', 'GOLD']"
KR_6799695026.json,3.0,"['BRONZE', 'SILVER', 'SILVER', 'SILVER', 'SILVER', 'GOLD', 'SILVER', 'SILVER', 'SILVER', 'SILVER']"
KR_6794117795.json,2.1,"['BRONZE', 'IRON', 'BRONZE', 'BRONZE', 'BRONZE', 'BRONZE', 'SILVER', 'SILVER', 'BRONZE', 'BRONZE']"
KR_6798188010.json,3.6,"['SILVER', 'GOLD', 'PLATINUM', 'GOLD', 'GOLD', 'GOLD', 'SILVER', 'GOLD', 'IRON', 'GOLD']"
KR_6799668084.json,2.7,"['IRON', 'GOLD', 'IRON', 'SILVER', 'SILVER', 'SILVER', 'GOLD', 'BRONZE', 'SILVER', 'SILVER']"
KR_6797433767.json,3.9,"['GOLD', 'SILVER', 'PLATINUM', 'GOLD', 'GOLD', 'GOLD', 'GOLD', 'GOLD', 'SILVER', 'GOLD']"
KR_6795063398.json,2.6,"['SILVER', 'SILVER', 'SILVER', 'BRONZE', 'BRONZE', 'GOLD', 'BRONZE', 'BRONZE', 'SILVER', 'BRONZE']"
KR_6790478115.json,2.6,"['SILVER', 'BRONZE', 'GOLD', 'SILVER', 'BRONZE', 'BRONZE', 'SILVER', 'BRONZE', 'SILVER', 'BRONZE']"
KR_6797962118.json,4.3,"['PLATINUM', 'PLATINUM', 'SILVER', 'SILVER', 'GOLD', 'PLATINUM', 'PLATINUM', 'PLATINUM', 'GOLD', 'GOLD']"
KR_6795505906.json,2.5,"['SILVER', 'BRONZE', 'BRONZE', 'BRONZE', 'BRONZE', 'SILVER', 'SILVER', 'GOLD', 'BRONZE', 'BRONZE']"
KR_6795986554.json,3.5,"['SILVER', 'GOLD', 'GOLD', 'SILVER', 'BRONZE', 'GOLD', 'GOLD', 'SILVER', 'SILVER', 'PLATINUM']"
KR_6795577212.json,4.1,"['PLATINUM', 'BRONZE', 'SILVER', 'PLATINUM', 'SILVER', 'PLATINUM', 'SILVER', 'PLATINUM', 'GOLD', 'EMERALD']"
KR_6799679591.json,2.3,"['SILVER', 'SILVER', 'BRONZE', 'BRONZE', 'BRONZE', 'BRONZE', 'SILVER', 'BRONZE', 'BRONZE', 'BRONZE']"
KR_6797150011.json,3.6,"['GOLD', 'GOLD', 'SILVER', 'SILVER', 'GOLD', 'GOLD', 'SILVER', 'GOLD', 'BRONZE', 'PLATINUM']"
KR_6793829735.json,3.7,"['BRONZE', 'GOLD', 'GOLD', 'SILVER', 'GOLD', 'GOLD', 'GOLD', 'GOLD', 'GOLD', 'GOLD']"
KR_6799500804.json,2.3,"['BRONZE', 'BRONZE', 'IRON', 'GOLD', 'BRONZE', 'SILVER', 'SILVER', 'SILVER', 'IRON', 'BRONZE']"
KR_6791697076.json,2.6,"['SILVER', 'SILVER', 'SILVER', 'SILVER', 'GOLD', 'IRON', 'IRON', 'SILVER', 'SILVER', 'BRONZE']"
KR_6795749082.json,2.7,"['BRONZE', 'SILVER', 'SILVER', 'GOLD', 'SILVER', 'BRONZE', 'BRONZE', 'BRONZE', 'SILVER', 'SILVER']"
KR_6798384142.json,2.9,"['SILVER', 'SILVER', 'SILVER', 'SILVER', 'SILVER', 'SILVER', 'BRONZE', 'GOLD', 'SILVER', 'BRONZE']"
KR_6794911243.json,3.7,"['GOLD', 'SILVER', 'BRONZE', 'SILVER', 'PLATINUM', 'PLATINUM', 'GOLD', 'GOLD', 'SILVER', 'GOLD']"
KR_6799164435.json,3.3,"['SILVER', 'SILVER', 'GOLD', 'SILVER', 'SILVER', 'GOLD', 'SILVER', 'SILVER', 'SILVER', 'GOLD']"
KR_6788952836.json,3.2,"['PLATINUM', 'SILVER', 'BRONZE', 'SILVER', 'SILVER', 'SILVER', 'GOLD', 'PLATINUM', 'SILVER', 'IRON']"
KR_6796524906.json,3.3,"['SILVER', 'GOLD', 'SILVER', 'BRONZE', 'SILVER', 'GOLD', 'SILVER', 'GOLD', 'SILVER', 'GOLD']"
KR_6791553758.json,2.6,"['SILVER', 'SILVER', 'BRONZE', 'SILVER', 'BRONZE', 'IRON', 'SILVER', 'SILVER', 'SILVER', 'SILVER']"
KR_6789442540.json,3.0,"['SILVER', 'SILVER', 'SILVER', 'SILVER', 'GOLD', 'SILVER', 'SILVER', 'SILVER', 'SILVER', 'BRONZE']"
KR_6797759703.json,3.0,"['GOLD', 'SILVER', 'SILVER', 'GOLD', 'SILVER', 'BRONZE', 'GOLD', 'BRONZE', 'BRONZE', 'SILVER']"
KR_6797726832.json,3.6,"['GOLD', 'SILVER', 'GOLD', 'SILVER', 'GOLD', 'SILVER', 'SILVER', 'GOLD', 'GOLD', 'GOLD']"
KR_6791097617.json,3.0,"['BRONZE', 'SILVER', 'SILVER', 'SILVER', 'SILVER', 'BRONZE', 'GOLD', 'SILVER', 'GOLD', 'SILVER']"
KR_6792691190.json,3.6,"['GOLD', 'BRONZE', 'SILVER', 'GOLD', 'GOLD', 'SILVER', 'SILVER', 'PLATINUM', 'GOLD', 'GOLD']"
KR_6798490809.json,3.9,"['GOLD', 'GOLD', 'SILVER', 'SILVER', 'PLATINUM', 'SILVER', 'GOLD', 'GOLD', 'GOLD', 'PLATINUM']"
KR_6793039048.json,2.6,"['BRONZE', 'SILVER', 'SILVER', 'BRONZE', 'SILVER', 'SILVER', 'SILVER', 'BRONZE', 'BRONZE', 'SILVER']"
KR_6796395770.json,4.0,"['BRONZE', 'GOLD', 'GOLD', 'GOLD', 'GOLD', 'GOLD', 'PLATINUM', 'GOLD', 'GOLD', 'PLATINUM']"
KR_6791275476.json,2.0,"['BRONZE', 'IRON', 'IRON', 'SILVER', 'BRONZE', 'IRON', 'SILVER', 'IRON', 'BRONZE', 'GOLD']"
KR_6795183699.json,2.9,"['SILVER', 'GOLD', 'SILVER', 'IRON', 'SILVER', 'SILVER', 'IRON', 'GOLD', 'GOLD', 'SILVER']"
KR_6796618518.json,3.5,"['GOLD', 'GOLD', 'GOLD', 'SILVER', 'SILVER', 'BRONZE', 'GOLD', 'GOLD', 'SILVER', 'GOLD']"
KR_6794431661.json,3.4,"['SILVER', 'SILVER', 'SILVER', 'GOLD', 'SILVER', 'GOLD', 'SILVER', 'GOLD', 'GOLD', 'SILVER']"
KR_6797069081.json,2.9,"['GOLD', 'BRONZE', 'BRONZE', 'SILVER', 'SILVER', 'SILVER', 'BRONZE', 'GOLD', 'SILVER', 'SILVER']"
KR_6795723708.json,3.5,"['SILVER', 'BRONZE', 'SILVER', 'GOLD', 'SILVER', 'GOLD', 'GOLD', 'GOLD', 'SILVER', 'PLATINUM']"
KR_6790229632.json,2.9,"['BRONZE', 'SILVER', 'IRON', 'SILVER', 'GOLD', 'GOLD', 'GOLD', 'SILVER', 'SILVER', 'BRONZE']"
KR_6791958260.json,2.6,"['BRONZE', 'BRONZE', 'SILVER', 'SILVER', 'SILVER', 'BRONZE', 'GOLD', 'SILVER', 'BRONZE', 'BRONZE']"
KR_6798308954.json,3.8,"['GOLD', 'GOLD', 'GOLD', 'GOLD', 'SILVER', 'PLATINUM', 'GOLD', 'SILVER', 'GOLD', 'SILVER']"
KR_6798804937.json,2.9,"['GOLD', 'SILVER', 'BRONZE', 'BRONZE', 'SILVER', 'SILVER', 'SILVER', 'BRONZE', 'GOLD', 'SILVER']"
KR_6799592857.json,2.4,"['BRONZE', 'SILVER', 'SILVER', 'BRONZE', 'IRON', 'BRONZE', 'SILVER', 'GOLD', 'SILVER', 'IRON']"
KR_6792976185.json,3.7,"['GOLD', 'GOLD', 'BRONZE', 'GOLD', 'PLATINUM', 'SILVER', 'GOLD', 'GOLD', 'GOLD', 'SILVER']"
KR_6796236233.json,3.8,"['GOLD', 'SILVER', 'EMERALD', 'GOLD', 'SILVER', 'BRONZE', 'GOLD', 'GOLD', 'GOLD', 'GOLD']"
KR_6799688074.json,3.6,"['GOLD', 'GOLD', 'GOLD', 'GOLD', 'SILVER', 'GOLD', 'SILVER', 'GOLD', 'GOLD', 'BRONZE']"
KR_6794763082.json,3.4,"['SILVER', 'GOLD', 'SILVER', 'GOLD', 'BRONZE', 'GOLD', 'BRONZE', 'GOLD', 'SILVER', 'PLATINUM']"
KR_6790143057.json,2.8,"['SILVER', 'SILVER', 'SILVER', 'BRONZE', 'SILVER', 'PLATINUM', 'BRONZE', 'IRON', 'SILVER', 'SILVER']"
KR_6791688393.json,2.5,"['SILVER', 'SILVER', 'SILVER', 'IRON', 'SILVER', 'BRONZE', 'BRONZE', 'SILVER', 'SILVER', 'BRONZE']"
KR_6796589913.json,1.7,"['BRONZE', 'BRONZE', 'BRONZE', 'IRON', 'IRON', 'BRONZE', 'BRONZE', 'BRONZE', 'IRON', 'BRONZE']"
KR_6791985182.json,3.4,"['SILVER', 'SILVER', 'SILVER', 'GOLD', 'SILVER', 'GOLD', 'BRONZE', 'GOLD', 'GOLD', 'GOLD']"
KR_6795159396.json,4.1,"['PLATINUM', 'GOLD', 'GOLD', 'GOLD', 'SILVER', 'SILVER', 'PLATINUM', 'PLATINUM', 'GOLD', 'GOLD']"
KR_6791366772.json,2.3,"['SILVER', 'IRON', 'IRON', 'BRONZE', 'SILVER', 'GOLD', 'BRONZE', 'IRON', 'BRONZE', 'GOLD']"
KR_6799582271.json,2.4,"['SILVER', 'SILVER', 'SILVER', 'BRONZE', 'SILVER', 'IRON', 'BRONZE', 'BRONZE', 'BRONZE', 'SILVER']"
KR_6798239258.json,3.4,"['BRONZE', 'SILVER', 'GOLD', 'GOLD', 'GOLD', 'GOLD', 'GOLD', 'SILVER', 'SILVER', 'SILVER']"
KR_6799628326.json,3.9,"['GOLD', 'SILVER', 'SILVER', 'GOLD', 'GOLD', 'PLATINUM', 'GOLD', 'GOLD', 'GOLD', 'GOLD']"
KR_6798319975.json,4.0,"['GOLD', 'GOLD', 'GOLD', 'PLATINUM', 'GOLD', 'PLATINUM', 'GOLD', 'GOLD', 'GOLD', 'BRONZE']"
KR_6789758233.json,4.1,"['GOLD', 'GOLD', 'BRONZE', 'PLATINUM', 'SILVER', 'PLATINUM', 'PLATINUM', 'PLATINUM', 'GOLD', 'GOLD']"
KR_6796514262.json,3.0,"['BRONZE', 'SILVER', 'GOLD', 'SILVER', 'SILVER', 'BRONZE', 'SILVER', 'SILVER', 'SILVER', 'GOLD']"
KR_6799079673.json,3.0,"['SILVER', 'SILVER', 'BRONZE', 'SILVER', 'BRONZE', 'SILVER', 'GOLD', 'GOLD', 'PLATINUM', 'IRON']"
KR_6790405070.json,4.4,"['GOLD', 'PLATINUM', 'EMERALD', 'GOLD', 'GOLD', 'PLATINUM', 'GOLD', 'PLATINUM', 'GOLD', 'SILVER']"
KR_6796528878.json,3.3,"['GOLD', 'SILVER', 'GOLD', 'GOLD', 'SILVER', 'GOLD', 'SILVER', 'IRON', 'GOLD', 'SILVER']"
KR_6799759372.json,2.5,"['BRONZE', 'BRONZE', 'BRONZE', 'GOLD', 'SILVER', 'SILVER', 'SILVER', 'SILVER', 'IRON', 'BRONZE']"
KR_6792326156.json,3.2,"['GOLD', 'GOLD', 'BRONZE', 'GOLD', 'SILVER', 'SILVER', 'SILVER', 'SILVER', 'SILVER', 'SILVER']"
KR_6793716775.json,4.1,"['SILVER', 'PLATINUM', 'GOLD', 'PLATINUM', 'GOLD', 'PLATINUM', 'GOLD', 'GOLD', 'GOLD', 'SILVER']"
KR_6791887944.json,3.7,"['GOLD', 'GOLD', 'SILVER', 'GOLD', 'PLATINUM', 'GOLD', 'BRONZE', 'GOLD', 'SILVER', 'GOLD']"
KR_6798255463.json,3.5,"['SILVER', 'GOLD', 'SILVER', 'SILVER', 'GOLD', 'GOLD', 'BRONZE', 'GOLD', 'GOLD', 'GOLD']"
KR_6794641990.json,3.8,"['GOLD', 'GOLD', 'PLATINUM', 'SILVER', 'GOLD', 'SILVER', 'SILVER', 'GOLD', 'GOLD', 'GOLD']"
KR_6796443468.json,3.0,"['BRONZE', 'SILVER', 'SILVER', 'GOLD', 'BRONZE', 'IRON', 'IRON', 'EMERALD', 'GOLD', 'GOLD']"
KR_6799494162.json,3.3,"['GOLD', 'GOLD', 'SILVER', 'SILVER', 'GOLD', 'GOLD', 'GOLD', 'BRONZE', 'GOLD', 'IRON']"
KR_6799467062.json,3.5,"['GOLD', 'GOLD', 'SILVER', 'GOLD', 'GOLD', 'GOLD', 'SILVER', 'BRONZE', 'GOLD', 'SILVER']"
KR_6799274747.json,2.9,"['SILVER', 'SILVER', 'SILVER', 'BRONZE', 'SILVER', 'BRONZE', 'BRONZE', 'GOLD', 'GOLD', 'SILVER']"
KR_6795570248.json,3.1,"['GOLD', 'GOLD', 'BRONZE', 'SILVER', 'SILVER', 'GOLD', 'GOLD', 'GOLD', 'BRONZE', 'IRON']"
KR_6792395960.json,3.5,"['SILVER', 'GOLD', 'GOLD', 'GOLD', 'SILVER', 'SILVER', 'GOLD', 'GOLD', 'BRONZE', 'GOLD']"
KR_6798241773.json,3.4,"['GOLD', 'SILVER', 'PLATINUM', 'GOLD', 'GOLD', 'BRONZE', 'BRONZE', 'SILVER', 'GOLD', 'SILVER']"
KR_6793393389.json,3.5,"['BRONZE', 'SILVER', 'GOLD', 'SILVER', 'SILVER', 'SILVER', 'GOLD', 'PLATINUM', 'GOLD', 'GOLD']"
KR_6798106307.json,2.8,"['SILVER', 'GOLD', 'GOLD', 'IRON', 'BRONZE', 'BRONZE', 'BRONZE', 'BRONZE', 'PLATINUM', 'SILVER']"
KR_6789654485.json,2.5,"['BRONZE', 'GOLD', 'BRONZE', 'SILVER', 'BRONZE', 'SILVER', 'BRONZE', 'BRONZE', 'BRONZE', 'SILVER']"
KR_6790284081.json,2.9,"['IRON', 'SILVER', 'SILVER', 'SILVER', 'GOLD', 'BRONZE', 'SILVER', 'GOLD', 'SILVER', 'SILVER']"
KR_6797174819.json,2.7,"['SILVER', 'BRONZE', 'GOLD', 'SILVER', 'BRONZE', 'SILVER', 'BRONZE', 'SILVER', 'SILVER', 'BRONZE']"
KR_6796816950.json,2.7,"['SILVER', 'SILVER', 'BRONZE', 'SILVER', 'SILVER', 'SILVER', 'BRONZE', 'BRONZE', 'SILVER', 'SILVER']"
KR_6795430943.json,3.7,"['SILVER', 'GOLD', 'GOLD', 'GOLD', 'GOLD', 'GOLD', 'GOLD', 'GOLD', 'SILVER', 'SILVER']"
KR_6793506971.json,2.9,"['BRONZE', 'SILVER', 'PLATINUM', 'SILVER', 'BRONZE', 'GOLD', 'IRON', 'SILVER', 'GOLD', 'BRONZE']"
KR_6798919268.json,3.0,"['SILVER', 'SILVER', 'GOLD', 'SILVER', 'BRONZE', 'PLATINUM', 'BRONZE', 'GOLD', 'SILVER', 'IRON']"
KR_6797168343.json,2.8,"['SILVER', 'SILVER', 'BRONZE', 'SILVER', 'SILVER', 'SILVER', 'BRONZE', 'SILVER', 'SILVER', 'SILVER']"
KR_6789479957.json,2.9,"['SILVER', 'GOLD', 'SILVER', 'SILVER', 'BRONZE', 'SILVER', 'BRONZE', 'BRONZE', 'SILVER', 'GOLD']"
KR_6794605513.json,3.6,"['GOLD', 'GOLD', 'BRONZE', 'GOLD', 'SILVER', 'PLATINUM', 'GOLD', 'SILVER', 'SILVER', 'GOLD']"
KR_6799178897.json,2.7,"['SILVER', 'SILVER', 'SILVER', 'IRON', 'SILVER', 'GOLD', 'SILVER', 'GOLD', 'BRONZE', 'IRON']"
KR_6794924460.json,2.3,"['IRON', 'SILVER', 'SILVER', 'BRONZE', 'BRONZE', 'SILVER', 'SILVER', 'BRONZE', 'BRONZE', 'BRONZE']"
KR_6799278591.json,3.9,"['GOLD', 'GOLD', 'GOLD', 'PLATINUM', 'GOLD', 'SILVER', 'SILVER', 'GOLD', 'GOLD', 'GOLD']"
KR_6790979825.json,3.5,"['SILVER', 'GOLD', 'SILVER', 'GOLD', 'GOLD', 'SILVER', 'GOLD', 'GOLD', 'SILVER', 'SILVER']"
KR_6797256058.json,2.8,"['SILVER', 'GOLD', 'BRONZE', 'GOLD', 'BRONZE', 'BRONZE', 'SILVER', 'SILVER', 'BRONZE', 'SILVER']"
KR_6794689882.json,3.6,"['SILVER', 'SILVER', 'GOLD', 'GOLD', 'SILVER', 'GOLD', 'GOLD', 'GOLD', 'SILVER', 'GOLD']"
KR_6792208233.json,3.8,"['GOLD', 'GOLD', 'IRON', 'GOLD', 'GOLD', 'PLATINUM', 'GOLD', 'GOLD', 'GOLD', 'GOLD']"
KR_6796512996.json,3.6,"['BRONZE', 'GOLD', 'GOLD', 'PLATINUM', 'PLATINUM', 'GOLD', 'GOLD', 'SILVER', 'BRONZE', 'SILVER']"
KR_6791157686.json,1.9,"['BRONZE', 'BRONZE', 'BRONZE', 'BRONZE', 'BRONZE', 'BRONZE', 'IRON', 'IRON', 'SILVER', 'BRONZE']"
KR_6794007791.json,2.2,"['BRONZE', 'BRONZE', 'SILVER', 'BRONZE', 'BRONZE', 'BRONZE', 'BRONZE', 'IRON', 'GOLD', 'BRONZE']"
KR_6795993558.json,4.0,"['GOLD', 'PLATINUM', 'GOLD', 'GOLD', 'SILVER', 'BRONZE', 'PLATINUM', 'GOLD', 'PLATINUM', 'GOLD']"
KR_6795817685.json,3.3,"['GOLD', 'GOLD', 'BRONZE', 'SILVER', 'SILVER', 'GOLD', 'SILVER', 'GOLD', 'GOLD', 'BRONZE']"
KR_6795126755.json,3.3,"['SILVER', 'SILVER', 'SILVER', 'BRONZE', 'GOLD', 'SILVER', 'GOLD', 'SILVER', 'SILVER', 'PLATINUM']"
KR_6790512202.json,2.5,"['SILVER', 'SILVER', 'BRONZE', 'BRONZE', 'BRONZE', 'BRONZE', 'BRONZE', 'SILVER', 'SILVER', 'SILVER']"
KR_6790237833.json,2.8,"['BRONZE', 'SILVER', 'SILVER', 'IRON', 'GOLD', 'SILVER', 'BRONZE', 'SILVER', 'SILVER', 'GOLD']"
KR_6795818839.json,3.0,"['SILVER', 'SILVER', 'BRONZE', 'GOLD', 'BRONZE', 'BRONZE', 'SILVER', 'GOLD', 'GOLD', 'SILVER']"
KR_6793348455.json,2.8,"['BRONZE', 'GOLD', 'SILVER', 'SILVER', 'BRONZE', 'BRONZE', 'SILVER', 'SILVER', 'SILVER', 'SILVER']"
KR_6790156925.json,1.9,"['BRONZE', 'BRONZE', 'BRONZE', 'GOLD', 'IRON', 'BRONZE', 'BRONZE', 'IRON', 'BRONZE', 'IRON']"
KR_6789084471.json,3.3,"['BRONZE', 'SILVER', 'GOLD', 'SILVER', 'SILVER', 'PLATINUM', 'SILVER', 'GOLD', 'SILVER', 'SILVER']"
KR_6792271721.json,3.0,"['SILVER', 'SILVER', 'GOLD', 'SILVER', 'SILVER', 'IRON', 'SILVER', 'GOLD', 'SILVER', 'SILVER']"
KR_6792819331.json,3.6,"['EMERALD', 'SILVER', 'GOLD', 'GOLD', 'SILVER', 'SILVER', 'GOLD', 'GOLD', 'BRONZE', 'SILVER']"
KR_6796533253.json,3.1,"['SILVER', 'SILVER', 'BRONZE', 'GOLD', 'SILVER', 'SILVER', 'SILVER', 'SILVER', 'GOLD', 'SILVER']"
KR_6794234332.json,3.2,"['BRONZE', 'GOLD', 'GOLD', 'GOLD', 'GOLD', 'SILVER', 'BRONZE', 'SILVER', 'SILVER', 'SILVER']"
KR_6797805914.json,3.8,"['BRONZE', 'PLATINUM', 'GOLD', 'SILVER', 'GOLD', 'GOLD', 'GOLD', 'PLATINUM', 'GOLD', 'SILVER']"
KR_6789174229.json,2.6,"['BRONZE', 'SILVER', 'SILVER', 'SILVER', 'IRON', 'GOLD', 'SILVER', 'IRON', 'SILVER', 'SILVER']"
KR_6799545796.json,3.3,"['BRONZE', 'GOLD', 'GOLD', 'GOLD', 'SILVER', 'SILVER', 'GOLD', 'GOLD', 'BRONZE', 'SILVER']"
KR_6792374457.json,2.7,"['SILVER', 'BRONZE', 'BRONZE', 'BRONZE', 'IRON', 'GOLD', 'SILVER', 'GOLD', 'BRONZE', 'GOLD']"
KR_6791238202.json,2.8,"['GOLD', 'BRONZE', 'IRON', 'GOLD', 'BRONZE', 'BRONZE', 'BRONZE', 'GOLD', 'SILVER', 'GOLD']"
KR_6799381546.json,3.5,"['GOLD', 'GOLD', 'SILVER', 'GOLD', 'GOLD', 'GOLD', 'SILVER', 'BRONZE', 'GOLD', 'SILVER']"
KR_6797395029.json,3.6,"['GOLD', 'SILVER', 'GOLD', 'GOLD', 'GOLD', 'BRONZE', 'GOLD', 'GOLD', 'SILVER', 'GOLD']"
KR_6788897997.json,4.1,"['PLATINUM', 'GOLD', 'GOLD', 'GOLD', 'SILVER', 'PLATINUM', 'PLATINUM', 'SILVER', 'GOLD', 'GOLD']"
KR_6792019850.json,2.6,"['BRONZE', 'IRON', 'SILVER', 'SILVER', 'BRONZE', 'BRONZE', 'GOLD', 'SILVER', 'SILVER', 'SILVER']"
KR_6798584687.json,3.1,"['BRONZE', 'GOLD', 'GOLD', 'GOLD', 'SILVER', 'GOLD', 'BRONZE', 'BRONZE', 'SILVER', 'SILVER']"
KR_6796489751.json,3.4,"['GOLD', 'GOLD', 'BRONZE', 'SILVER', 'GOLD', 'SILVER', 'GOLD', 'SILVER', 'SILVER', 'GOLD']"
KR_6790661830.json,2.2,"['BRONZE', 'SILVER', 'IRON', 'GOLD', 'IRON', 'BRONZE', 'BRONZE', 'BRONZE', 'BRONZE', 'SILVER']"
KR_6799756254.json,3.1,"['BRONZE', 'BRONZE', 'SILVER', 'SILVER', 'GOLD', 'SILVER', 'SILVER', 'GOLD', 'PLATINUM', 'BRONZE']"
KR_6798071534.json,3.8,"['GOLD', 'GOLD', 'PLATINUM', 'GOLD', 'GOLD', 'SILVER', 'GOLD', 'GOLD', 'GOLD', 'BRONZE']"
KR_6791257884.json,3.7,"['BRONZE', 'PLATINUM', 'SILVER', 'BRONZE', 'PLATINUM', 'GOLD', 'SILVER', 'SILVER', 'PLATINUM', 'PLATINUM']"
KR_6789214774.json,1.4,"['IRON', 'BRONZE', 'BRONZE', 'IRON', 'BRONZE', 'BRONZE', 'IRON', 'IRON', 'IRON', 'IRON']"
KR_6796311458.json,2.6,"['SILVER', 'SILVER', 'IRON', 'GOLD', 'BRONZE', 'SILVER', 'BRONZE', 'BRONZE', 'SILVER', 'SILVER']"
KR_6799577200.json,2.8,"['SILVER', 'SILVER', 'BRONZE', 'SILVER', 'SILVER', 'BRONZE', 'GOLD', 'SILVER', 'SILVER', 'BRONZE']"
KR_6796650622.json,4.0,"['BRONZE', 'GOLD', 'SILVER', 'PLATINUM', 'GOLD', 'GOLD', 'GOLD', 'PLATINUM', 'PLATINUM', 'GOLD']"
KR_6796264143.json,3.2,"['GOLD', 'SILVER', 'GOLD', 'BRONZE', 'GOLD', 'GOLD', 'BRONZE', 'SILVER', 'SILVER', 'SILVER']"
KR_6799470019.json,3.8,"['GOLD', 'GOLD', 'GOLD', 'SILVER', 'SILVER', 'GOLD', 'SILVER', 'PLATINUM', 'GOLD', 'GOLD']"
KR_6791719288.json,2.4,"['BRONZE', 'BRONZE', 'GOLD', 'BRONZE', 'SILVER', 'BRONZE', 'GOLD', 'BRONZE', 'BRONZE', 'IRON']"
KR_6799201053.json,3.0,"['BRONZE', 'GOLD', 'GOLD', 'BRONZE', 'SILVER', 'SILVER', 'SILVER', 'SILVER', 'SILVER', 'SILVER']"
KR_6799487072.json,3.5,"['SILVER', 'SILVER', 'SILVER', 'BRONZE', 'GOLD', 'GOLD', 'GOLD', 'GOLD', 'GOLD', 'GOLD']"
KR_6798392439.json,3.5,"['GOLD', 'SILVER', 'PLATINUM', 'GOLD', 'BRONZE', 'GOLD', 'SILVER', 'SILVER', 'GOLD', 'SILVER']"
KR_6791162246.json,2.9,"['SILVER', 'SILVER', 'BRONZE', 'SILVER', 'SILVER', 'SILVER', 'SILVER', 'SILVER', 'GOLD', 'BRONZE']"
KR_6793192219.json,3.3,"['SILVER', 'GOLD', 'GOLD', 'BRONZE', 'GOLD', 'SILVER', 'GOLD', 'GOLD', 'BRONZE', 'SILVER']"
KR_6790813489.json,3.6,"['GOLD', 'GOLD', 'SILVER', 'GOLD', 'GOLD', 'SILVER', 'BRONZE', 'GOLD', 'GOLD', 'GOLD']"
KR_6795800837.json,3.9,"['PLATINUM', 'GOLD', 'SILVER', 'GOLD', 'BRONZE', 'GOLD', 'GOLD', 'GOLD', 'GOLD', 'PLATINUM']"
KR_6794217981.json,1.3,"['IRON', 'BRONZE', 'IRON', 'BRONZE', 'IRON', 'IRON', 'IRON', 'IRON', 'IRON', 'BRONZE']"
KR_6793534243.json,3.3,"['BRONZE', 'SILVER', 'GOLD', 'SILVER', 'SILVER', 'GOLD', 'GOLD', 'GOLD', 'SILVER', 'SILVER']"
KR_6798128549.json,2.3,"['BRONZE', 'BRONZE', 'SILVER', 'BRONZE', 'BRONZE', 'BRONZE', 'BRONZE', 'BRONZE', 'SILVER', 'SILVER']"
KR_6798403745.json,2.8,"['SILVER', 'SILVER', 'SILVER', 'SILVER', 'GOLD', 'BRONZE', 'SILVER', 'BRONZE', 'SILVER', 'BRONZE']"
KR_6795939654.json,4.0,"['BRONZE', 'PLATINUM', 'PLATINUM', 'PLATINUM', 'SILVER', 'GOLD', 'PLATINUM', 'PLATINUM', 'SILVER', 'SILVER']"
KR_6797891747.json,2.6,"['SILVER', 'IRON', 'BRONZE', 'BRONZE', 'SILVER', 'GOLD', 'BRONZE', 'SILVER', 'SILVER', 'SILVER']"
KR_6795125398.json,3.4,"['BRONZE', 'GOLD', 'GOLD', 'SILVER', 'SILVER', 'GOLD', 'GOLD', 'SILVER', 'GOLD', 'SILVER']"
KR_6798513718.json,3.0,"['SILVER', 'BRONZE', 'BRONZE', 'BRONZE', 'BRONZE', 'GOLD', 'SILVER', 'SILVER', 'GOLD', 'PLATINUM']"
KR_6796700257.json,2.5,"['BRONZE', 'GOLD', 'SILVER', 'SILVER', 'BRONZE', 'BRONZE', 'SILVER', 'BRONZE', 'SILVER', 'IRON']"
KR_6798612977.json,3.1,"['SILVER', 'SILVER', 'SILVER', 'SILVER', 'SILVER', 'SILVER', 'SILVER', 'GOLD', 'SILVER', 'SILVER']"
KR_6797664375.json,4.0,"['GOLD', 'SILVER', 'PLATINUM', 'GOLD', 'GOLD', 'GOLD', 'GOLD', 'GOLD', 'GOLD', 'GOLD']"
KR_6792184371.json,2.9,"['BRONZE', 'SILVER', 'SILVER', 'SILVER', 'SILVER', 'GOLD', 'SILVER', 'SILVER', 'GOLD', 'IRON']"
KR_6791401654.json,3.2,"['GOLD', 'SILVER', 'SILVER', 'GOLD', 'SILVER', 'IRON', 'GOLD', 'BRONZE', 'GOLD', 'GOLD']"
KR_6794497614.json,1.4,"['IRON', 'BRONZE', 'IRON', 'IRON', 'IRON', 'BRONZE', 'BRONZE', 'IRON', 'IRON', 'BRONZE']"
KR_6795939822.json,3.8,"['GOLD', 'GOLD', 'PLATINUM', 'SILVER', 'GOLD', 'SILVER', 'SILVER', 'PLATINUM', 'GOLD', 'SILVER']"
KR_6790907418.json,2.2,"['SILVER', 'IRON', 'BRONZE', 'SILVER', 'BRONZE', 'BRONZE', 'SILVER', 'BRONZE', 'BRONZE', 'BRONZE']"
KR_6799735739.json,3.0,"['SILVER', 'GOLD', 'SILVER', 'SILVER', 'SILVER', 'SILVER', 'BRONZE', 'IRON', 'GOLD', 'GOLD']"
