009jpenekFfL5m-eAv_tM96N5oxLOYWJKIX6zkL85HOtUg,72mm03_AJUWddrYv9MJpFUYSsXm8vbzSet_QvyTBqv3tSZoNNVmT020jEpzFSoZy2jxuh3Cp_KUAIg
PoF18YVthlDG-01ca7TWwYXdBiVEcakdYgP1oGNUin_C8Y6c6PjxMhi0vw,ME3W7LMwzJLw0Y0vhBwW5ibYiDLC65IdLcEA7FduhQELC6D47KUPV91aaleqOY4Iq6o-oCV3d2oslA
z8lhfw6bXfDx1oWIDpsscTXtO8auN56g8smHWVhf4ZJaJKI,6Vs425wAVUCSc055Tyg-bKQPeWfngT7u5S1TUR7_vKKgm2dSOH788CuvoX1sM96Tkskxdodz4wZXig
MfnEsnMRodb0CIF5UMnY6SdU81x94XDbW637Sjo8TU07hN4,LhWzUeOSodQ_28Tp2F3YxUBVN1uFn8S34bTb-IiUaRRGohuna0FExemxAsafnR4QrS4iZARdzSA3hw
zrnbmAtexH9Si8EY7tgC-_38lqIUMX0wKnUkBVyzp9B6Yg,Yk07w95weAZxabzHr9CvvRncHHDXuqVQZb2CAprxVlqbdAu5wUP1YeWdSo-g8ID1LfMkUAL9B7MAAg
EtWFFLwH38J4xEtu2d55y1DlCR2f6EN2ajZ7LFk3JVHfcarUeItdhzHhvA,0iHgnYGdeCHZmiSZfgv2RUwiII6J_jNQ0GOAv_Li2tmAvf5nNPvVYHNvy43uRwSUWY9VGR3ybKkUng
q5xXUuixgf1sTZcEG04aGfo8Ok35WZYxgIpKwu_wUL8YgKE,9o0FsWoEZxqYwsYLp1wQ75cRs7JLQc6St2j5Am_ixds6BlUuNI3kYTegDuWh90xJ39YIB3Y84lG9FA
plReUdiXIXCrq9m-EA6xT0BljX9GlDHyJxxQWQzAFxqhNBTz_pgi2QCK4w,HST8ZlXUuIKuEagn0BtDEZgDOQ0eqo6Zwgzi1ebAuczyKPofPQ32tAb5yGUJRU4P6H4OHEi1nLedlg
VURuMG4by-EY_COfT1hZK81Oon0snrLfdbnjio596_pUwes,jHCe8sb9iYCLWJkJ2BcacV-LvxS-sgBXldp2DI9xW7dFsZ0R-Yy0KhsXk_jCAMvJ2LB8rC23eYELCQ
52EC-Ekc_mJDEQMh6mr3QIf0Grc7ZybrDqOJZDu5fDtpAfY,s6aJVnHUvK6qFxvzhsrxnRDHO6ebU3kqzAYDKuwrLWcI-dfpvTzt2XAyInMEULIRNdaODUP_z19hbQ
Jc9NKWO4rK0QhlIQYrRSHYWR7vbYTFynzPLY-1YeP_Bvpi4,807Cd1JLUWek_KYisr9pXrG39hx813U9N_SulohqUTm360hWvhfxPbg4X3ig94sEYpHfuc-6kaZp-g
aGpxvNeeYrZ0eHGHN_ZsUhOLWrXkahZ8eSuFb3ThPcFZc1I,PumXTsAdYVW3YnMgCnIkjfJaBc274Tvw6S0KKg9UEkZMZPH589sLDoDfZXi6mLpSjjIHVIFgeI_mIA
UBHDEb0QhYi5i5rzAuhDo14RyM38mxa4TV293ATGgLC4RQk,YIgEbOzOmyjesL8NS2PrviEQkGdf_ij8DdVfhKOc4Z1UsEigQncYoVB-3mwXt1vmaeDZOqYmgVA9YQ
SDpHcv6FqfqVTR0vDPCXQ8WgE0K5KeArC4IO8FdzzzET6FI,MZBLkWHfrr9gYR6f77FAwGXqKgfQaP5tOm4IS3lm8-uOYXRmaW15-NefGc-7XwNNZSDF19nhaYiIiQ
Ve-6M2VhOfk2wY3h7mXu5lGS1opoHi8lPlDTlQpxYCm5jJE,wn0mgMOj8BzXmNpABDQM1YRfeh330SrklUeMnoCMm4AZpT1HjCiSu6Z_VgiMutdLPvDAaB9mcTB0YQ
ANMTjpE_--V7ZUD3yZnNIsQ46wQSGlgU1SOBfASSEVgqRtg,DRqmH0rx79n2K1wM_nIwYy57IGsm9veKZC5fknXzx37yX7XwSMVuOXYR2lLJ7h2NAbcQp9UR26P8cg
nvLe2yc8RYoGz7UKYc1DdwwxMJQAyc-c0SU_qmC6MmBgDJJcPzg2ItqV7Q,5imGj3_8P_uGeUMMz_2KTcsHPekKTuTGqJFfMMzfuPKD2wIlxkk6munt8iyVF-hFjgxaoqIQ_pVisw
c1YK_XCinya4bCvOr6GUPEvPXd72f_seQVx3nCmF_Ck6NzM,IkpU52JFgOamDIBPZukD6ipAS4_6DOo92r2Xez8Fum6XgZEFJARg67BocAuml3zlK_-_uzz3PTQwzA
3G5h_dZzXIQIn6iXgFOQOujH25GAnR-di46MGQHcTN3X1p0,hfAIGU4cVo-jrNpZCK-n-edinR-KoIjlz4TJn5Rf76sOLt3LuygX71S553X_wxFDUtXF2dLOquCzMQ
u1Ysy4czN82ASVaivL7v3YsLYVrdXdN0RjAIqf5yLFLKox4,z5DTJMWtcF53gTCiQeMxgcj9IQ0kwxAXRh14mWZC9wGHM224d9asPx4QhqOe-eYBJw-hXoLzTI7Jsw
Y7eqe81Hwy-bSHKVAKGRVosOdyZBcaCg_bYGVD_4osJ7fn5c,GA-cl41HgT-DtcY2-1cYUQwXAYu1uTnm08g_H-WW7_OWG5izJnjdShPeNVWi9oGqdkEUg1iG92rxDA
PuMt4GkjwIE-k4rMJNsSAVscsF4Pogk9QGGvmQRa-G2XiI4,MUhWGGOKEuCuN-5uOkDBj9PFUs2v66Z7ylxxNugl-YACjDngfIpkJqOEONb7b3JvNIu6Yh3eBW8UMA
oHVHj-35i3Q29-XtdweXWYBcMbZagaWrLdvwBUUOsz0z_A24xrtNMBM48A,FuOF84_lFv1lokXrrEvoMBL8s5mAH1BO0dPD1rfYRLZUM2T7h_4gXbojPfHxoTF9Ph3XrzO2qelMTw
k_XKlnTm5N9Mff8zntIAxC9niMPD-cdkUizl1jPb4kTg7CrttW3nnuRnXg,oxBjosZgQbNtanoAZBhO39SL-v-72qAWqOsu7_2wESk-tyFk0rz42cSkJMgPRf6UclAk1KXXfcyuCg
Rf1TCmU8VX2LJxudarqe62nP5ajkxLAjpclpPWPLyfkg15A,KMseWKUtsXJ4dbAJF74CPo8wNb05DfJ43Oevm1yy5yLlAIKucHz9SXI-QHxbZyXjILSxo20MHQ9c_w
mlU3XzsHF9BV-IuK8i2zTlgdUC5-Q5QU8De2lmtW0jmZAhZQEMrLTNT1Xg,mdLTZPsGVlQoNWY4CCaULQQMWSsALJkYFGa8iaLXQwTrtSKV9jTqBKCqbYQMq3eQXBvKUmzdOflU7A
_m5fpkPAhk5-dIhTJKFa7Z8IKkgoAxav09T3miTFD7zY1Gxu,MRq45uS0vPFBdZe2QrhF7p_x7DbRezyEoknOf8ya0j_b_h3ic7rX4ifGpegbIXj9bkdCy3DYilH-UA
bxt0rmTREiLGEGAOx5ObABgAJWuMYq8svfkqPbn1gGkMCDs,kc63jXWbokRo6OAad8aiyMmsxMlAo_YwbR4rTiGsHVUlNxyR_6hUeTz5PA8wXDmkQcthQLa-6oKtkw
FtJdxBtWagn_L_Bg4_MqnZbWgYymU1RfHFAiv3Za08lc6Jw,WdgCup8-iDhfHwCCH2tvGcLa6hC06ipAu0MQ8f2JwBTI0HEL0Cn-agYucRKNmRLbW3VyrKTChtWLlA
Bgo4GBtxJrQOQP4jC2qAiHf0gjduto0WyTjF2f6vvQT8kgc,DEDE_2OtN4nX4PFenXJai9uXM_4SzrPxKNAIUwAgmgcfbgBSlSdTlSHOm4eHaNJA9yNbX7RtcwFuZA
RMN6WAEqD4F0OxYdFs_zgxuKfiKWPsUJtI-0YQ4TcwSA7WNj4umaQ6G6iQ,QAv6T-9m8Yo-4SlYDpFOZnTnNh9zBO1XyouCdGFyPUjpDUcygiMnrnd0L1UXmFN4A7Y6Pmmo1ioU-w
Yg2n4zIg6OCxpAjHSmAKAT2egepGoAjcCpRp197HNllIMIo,42SQNRHLurjYOv5JUkuBjWOjmCSnBQVEDXom0yeIK3mOEwazl9GswPlMK_mKfaO1bf79BDIb0XvCCQ
EfAuSUe-3mAqZIPi6BLulwU89z5NALNdfeYM245QbZtFSwDSUbCGT-Yapw,yb0u3i0Xpzl6y9zetpwixz2n_DmOu6vU5_6Ftig-eTqGXTFiUezqItYXFEh50Lk7seq9Fdd6Oh4-NA
32IiTVs35eLGSLF6ANQSr0lF8-JwILSo9JWjZTu4ZIlWysnagimwnu-3oQ,0cD1z4qqUOCGtV8bKpEJCdEiKttmkZqxl-d4HUnrttRNaU26dvnyWeXZj-qoywac32u0O5LfBZP9fA
F4TKg6VP-RUgPsJb9Lpb23VsQABWGnhrm3Nato69D4ufeKLH_aimmiIqjQ,ao1CWlTvwOzq3Eq3GDM8OXbc8OMNf964i2T-0YPw-TO2JYaJ9cJREiYWMQtR9Ix_hSGBmYcVlfv2Fg
t5i6midp35juobV4KPm0ccuSjJAXgeBCzNmT4Y4JMw7wpCc,L4QXPZRXdzLPMfQBH_QIdpgEwEghPZRcFW8g8PriKxWtUIPsTzDSrLFmAMNh6DAAEaECC3b_DiGmIQ
7GFku780LyXaD8WE49LIlvWdVlYaCmqO6GveMGqfRbHKtYE,Nlgsh7INjRU_kGVXVrjgpQAT7rT0KSMeVxs8WQmMEowC82abCL5AaeytydcTe0YFP8vH0qPxkXpLvw
Wg21Kac1JbA5Tnm0St557ezdWAIK-D36YKHNWAx0yfKx45tmJXYggSLHow,QSWjhgmXGnLFJNjCD_LRpMOmrwGc0eJJTORtgrBG-QeYFRgsQnlyaQ59sjo_VhzbcxK9FuojUTreUA
B0eMtvbotK4HXgTcZH4wAzb8dcHKVdYH4M4ZPfNQte58fxM,YLlfj6_BIO3eDTWVstjQspQnWzSl3PBRkvdtLMFAnxxUf3xDHs-4pAtP1tN2Dnv9RH8eEcCQMhmNEQ
HHTqk8G4B4R4j-mZfEVqauT3EmtC1Dn3AimvxBadDZwPldE,sInTJuL39eqctWIPzHLlcZTNtSiUD3lYNkNeZw5jLifcemZnWTZokQuDy-o012c719xgYknWIn1y0g
-IT7ybzqVrbeoDtwhyj_kTAZDfuVBBTZW2mGZ3UAZpOjBrbd,Q8zYYVGX7bKkb7FhjqP55D5JjYHFeYxgu_6ZDAsZDDqZY9A9sbi6P1UkjF2NospYoP9Oi_AO21lueQ
5Z4U7-zpCUFg19RoxkITBdztkpoCIHJZSV9ic0DldLT4ATY,RM9Qxp2zOrvDW45mxofrddJJoyxKK_SQB1NhygyqJDPuASdggrEgOtv15xROsa7BhQRJTNuL9iWgFg
VM-XSQ1lClYqMopduFqgRkUi0r__PF-H1fwbiKPb1ZLPHPUBwLLcBBh05g,2mHcHkG-8ZXFiOXkURH8NJ-VS2IibzlAzznC25Zq1SyGlncA8oiIAuUcZk8desHCy2dUV86YXUm9uQ
KbwDWKqANRQiEwovbMqdn6Z7AvQOPoBOM0gfKwT9-Bvxoz4,I311XDq0DfIjEqjlpj74iUWtdhH2MX4dvM4o3_rnZB86u5ThKDZiIfNq9WvNSbpj4iyHeOQxR1mpcQ
QaGbCgn6Ku3UNwxdSS1mmDINLiWDjYrtKIEUCHsgJzcQZdEo61u1EkHHow,1zVeovQWWDuUiqtjrwDYxikHConeWAeV1wxfh0-wbArnwk3BjW1Q8s97XTKbVb1MbbnruJ-YP-uU0g
Qve3DLfRC0-sztATmH1ibeuIMk0_w9j_1QoBRqlr_nkINhU,gQiXPiolLKCdoTRo6wfyEbYLgzc94j2ZIOrC3Qv-kq4OyTkYX0ueDYBt1PkrOvV1W1W9VtMaMHB20g
63kgRsgReIUYm5PLllgUIwhV9IWmG96OZkJpaAnRo7Lch6FF,GU5UAkKo8QCj2VV2P2xvJAmtoIkNHdGBySzqTP5d-u48PX9s7uCuUXMs7qzb7me4jq2OsWm2aKaiWA
f1qyks3q4xy65oK7jveyERz8Juwf5RZAskMW2hFeByHiIl0,8HcQCHUDa3GPIF9bf9U8qAIWFQ5qA9F55HWuyZlQ35DcQ8RqAAkowW1Fa5oaGTg2_fU_pAsAIyRO3g
ppvsH22JWi25xVbj7b7z1UuSrifgbYkOuCnbtSKAf9ty_Ys,0dT5C_aPgpLFBesfOy_m7HrNgOTfcX1PfRNtONZDEd54dCOJiP2i4REIfGCCS1GcpLlaZv7d6uV68w
NyK7sqtELSv-FrLgIKHUw4kl_O1dONPbqG-lWvqPnB2asdoFb46E8KyKbA,yXzVndsPJ40wbJwxQj4iY3WXh3tmGb3yaZxFVVG4NF7tbQ_lrMS_maW6cAz287mV6ldH3GapAn3OQA
xIV1hEdJX4O7KyM5ixjTmdPecO1qJa3CdfPXpxSeof-7NnznVUBMcdlqUA,fGQVDKEg83Ap4BoGA1jOLzJ2j4AqQ3LidkeTRZcwTAuPa9I7wQGBM4Ut5t2p4nCl5S2ZBuuqYqQIEQ
Ol1tZRpp-6t3Y8-MNDF40cokgwxs_cItOGNxr3baDI1hOsU,hzRzMkFs-gH9KWh0fB6OWD8Wvn-Cj-aFeDLW-EkJ5f4DlHag2IEqEEU6JdF9LV6cMUxjRYUPA6wTbQ
_I_JafWoZ-XKKT76hnpR2Vl_q5ybEhYsSRzbYtdNUGlIeku1fAiT9Yoi1Q,g9KV5r7FZftGp_4RsDgft3DQpBPSVLZONb5LPnO-M3Q93uCdIk0pkafPKYu4oFVhuYBJKTZmF2UNSQ
xOxx5r4LyueffzAHNfAXBDtDQ4U6dQsTC6nTqqqzer5CzKo,Ue2kbfE3E3A_p2Si1BBuGH-O6415-qK0W2poY0YjY1aaCVGxlIjjbYS9HeOLSxQqa3u6Miu6HU4jOw
7nZORT8eY25Fcy5_AFG8Uzzn-TSx4LlqxF7mEzIHY5_NcN5VeRhLUkGeOw,gOc4zS_jG0RfxEr_WTEIMMK78QUXbayTlqVKlsznVCZnkOtMg8gaYg-Vy4FzVhPWEwwCbyLTnnXtpA
Gu5zd8iwBxZVtjTB32nqo-Rxk2TM3kiuYGB4nU61upQqjgQ,7Xk6RPqZaFA0xMIEAl7NSmJXAKjNjTfvvffDYy3sgGRD20-mtXbo111GhbhzIrvoH5qf0-aJ5ASe3w
xVgIFRgX_PJSdrbRoQW7Q1zq_2qWGllCD0Ep1ZTLmVK79xxfHj6HxU8TXQ,o6NjH6fMqqfwj2C7c6dQMnh5f-8hKOG0Wq4HepWJXqDuurxENThjPiP6kwbO_4SUyJ1Nm_AAbx5Yog
GfiYZbS6zIEnVKC3VdUQ3l0kjO1KQFdxK34qzC9pgPpQ93HRfiEEVGLvVw,e6-q9Z0AH0Teu8vI7n1nohdAJWI2Wqkaq0yonxeUlNPNPjNXDwc3B-zdz8cWH4ioWkwEGYDm33YgPA
qSua06-UlomQ_226vB8mk6_4A244Op3o6NLXFb-6lvI6Ums,GExHYIg55VB9CsjRSPhVdLvBg2clsIPD34pEghW1CAcNiVLgndOhSRc7A83S4j5vI10E2JUoyB_CaQ
GxU3qjNNQDl3MNrflSRbfVEnRZebgHdKIaCNVYGnW9vqxz0,kLPXzj949zx6Stexi3v1ehOqsEDntFYvGiSa6HXhyl3STGyQ0dTBdX7EZmEE9M4fKTFdNUY51WRt0Q
vHGxGvJay-232Ky0_wH2jVTvIVwksdrYt5AOjaE9AzQ0lA,BBGQh-uSjO2o4mR_3-65ek1EvHhB7mj7-jhl0ZtfcQv9ezH50xbarFCb8ts9V3GBU1qsnPHgvcxoxw
B-TBDLqQGPdlEP3TWzK1-PZdcVdK0tzG0tsdthdmUa7d3LK8BOQtXOrkag,60XqS35BNk0F25nPtv1mJj-PDMJcX3QSbe7SAq4VGE7-g31bDmU_8Dvjm1YtjZoKeY0vCcjf-eMBCg
y9HixyFuo7eAHy35Mk-nUKyN-WphGQlsNe-bnaGz_5GoL3h67fI8mQ0iTA,ENxQllPEq1g6c62GYgTcLsi7aZtJ0MCGCmSThCMLBuE6qre_GkZAEmj2-1TGgJDGyF26u6AJ9A7XOA
V7j8-wao0UqQ6GJhBVQZT0pwKjIybd1zgEbS6MZNSS6SY8A,Hq0DIQ9muZz0elov5QeHIsuC3JCz9WPG3BFHabQyoaRNh-LgKo7s96Bphnd_K8nZQLKjL49FY0Hr4g
mLyOkWw4FDbEVCPG9E82NF1Djtu76oSmXzd32WO8QtfTY1uvE8ug9PwuBA,zF5Alqu-eBQhuFC9GaRUaddwaBuLwlzR4-OBUNiqFBw6l_qrPyXEKS2mJ1YpEBOoo0M3TMacKMGT_A
KbAQ3udxczI5vGbEtLXGiZapX7QSPvvqjihIEE7kXB0xvoN5OcTsoWGSHQ,2xNER6kvZA0kvngyRNISLKiTbrThBaagxWM7syHicK8FBm-2nQp_TPVCJ3yibl_AW8JZZALAJlY5qg
7NapujhfubuUOR2yRxWz46WohFt7vre9qvI0Ye4vn_gR-dCtx7GOsZ1LbQ,OLlwtNSezwrHDW4Lzzhgwum9giJRhLdHYil2qXraqrdtk2rOBqFlRk8W3-6-1u-lUGi9cciDycSUYg
KMxQibdPn_2clTW07FOT03AKSM0G0GWBo4QP9aaL1Z0sBCTzKzClQWrtjQ,Vzj5YAt395OwFBVpy15BDijx-B29G2Ac4JyZzSvGpIJB50fzyFYvAsL1Hbfj9b14-BGcQEenFbYyQw
mMoG8GjG9Q0ZyI9C71ihUMWaZuBLHkp4hx0bQXsn2GBNhM4GG0duRqcKpw,YFTZokZQ5rDXGpJQ1rTJ6yqMA182DtCqPB9Ec00sG-4l5OpOl_RA53HMXrxqjhxz980gJi5MpfQQKA
sdXqjabdN8HeZtYu1CCYQ-tBhkd7EbYt2infMNuuWO0FKbuwcd30F2yDkw,GXVp7iaMsZXo5ZIq50LP8j20af1NZj8GXLDaWk_A_sLurXUjw__RSbRk84-mW89Hsk1gVDeM0t9LrQ
tdih14K0MW-bbCkc9W2RgO7M0CwU2XGG6xjL2N2WURzc_lmyFb_USDdxfQ,hHumTY6yiZWOaNzdB0MFIYtjE-XemLN8gLg-wf0xz-DLDeNcHQXEBU0-Qk_t20tf79xB83vHEmU4hw
l77sA6nQamzZQpQyNJuSxQRZ0WjA2J2oU-7l0YUpVOaALXZ4cnlJHPXOCQ,dyHXuLw9RY6aa9jjyYUr9khFYZJUdCaaKuRBsaWqQIXuxWLvI2-oUDny8FN08ZJ0_c__yqMIRAL0Pw
qC3TuU9RaDQ-uyhyfhEuDxIa1fTe3Y43eMp0mcRMweFpjjU,DxPM11isGLgMwoj1kU1BByf5gaR_ysJ91B-RWMeoRe4r42iZbDjONfoJ0aIQNwHInpUvgE2TH_frQA
RFhbBNvZ_FY-0fFjGz4N7OtOQfEtpMQd6GK21x8dQN1VX2k,CHbnvSf3b_2jfrfMUErSsHZLInkD4vtPSnLY5Imdm_RyQWfK-HAa6uaAfz99jDsP5CziiW-8ajlWhg
ruaPbatCUUcOa5dnVCDwovbWchTeR7P6y4alkkeegOOQn_A,URRcUW4dKN6PsqPccAn8hTVjT_5XiAFj4oKGCHavNzwJz-Gl3PuOiYB1VE_gfNUZZHFsisfc20ZTKg
cYV6bkdfZjsPf7deB9rGtkLw4gDKKH3PGiUMXqdsjOEKv3w,fbM5QDq4PTIf-MVeV7b0YvjnY0dsAKWgxtmEyz5pfKYkFiEuRXM9gWOkJ1Ey3SBNnaq1rxoN0o3Y6A
3ZOPveundSnrsIIq9sm5-Sw13RjVWrCe0X_l8yQxNPsx4bKDFsmS9O7NEA,qpM4eNILi6EMu9QPkf5wRk_B3Kzu8p8idexcFJopagM4l0up4Lxxg2D0KbRrcdISEqzvrJOt25-tdg
KEgGZNyYddoUD58f20NXWQHK8_9lhqEyv89ljzPQhyrsRB4,UwBIbc5LAoDQyvotMg3MJNuRUJU2EfyyKr6LStoChXP_1-da1jvdMYiRqI8tzX9Y_YsHeV7cytMlLw
CtKlcePxR3VuFUo9375ndeHFHSOudGbwyH-ThlW_IFOAc7o,Owdk6ClUZA6EF8VjUUQi_En6GUD9c3vtj2bIuGz7x5lg8Iijpu0yFoEdRDhgMVXXCF1xqcXksgXn0A
wzykNrji6ZSwHYRFQNXdizIMpynspctmXFf3f-XOrdlK8C4,1-i__w94DGF7QMI3oP-0hZjBOBxCNbsEsVdKuuZownnkbsxVgJ61v8wucCXJBFjlWtbFGEifSoFirw
I5q0jNoD0LaDfr91wOuApXGrTjecH__Q5W32IXggNBhtMA,iDqFD419g53-BqRPNFw_2af-4nYOKMVGQ-JW_3CMBdggpRqtWR4HVeMayirDpT9pfen4KAywiPrLAg
FX0u02TpNffol72ffHQpOkogeIiX1is1ZvWgBn_r8dEIFP4,WHKacwlFoEIzKrrfTuMdC44DGavDmS0wWyzK_I_HNdwYqFS17YZ56l44UKl7loyzdJCPjO7eemhR8w
qWW5ikhX-wSJWjmocp1nDo78EN9ItD1Mp3yDqK8wn-4Pnlw,xlnXvrJADjuw9JqI3g3jkaF2IIjkEM65m8KauxiqlQMD7yOsfN-DvQnF6-WcsK_dBZnx-FOiWXiRyw
4XDDZespvlvpdTnO_WzZu0YVgm1iZj-dN9c9ky2Ut1uq_ng,dfJ58UGVpnAbDE6K6F9uwEKJlXIqLF9lhwKNSVoIurYDKj2vKHIvqOwemUVaZtGkv5fdftMUQHZcSg
EWYpHmdMCTNPI5SIvorWzZHV8HFh1PHZHmLhXXJK2kQvNw,cSbqjSysTlNWC_8IE5DPBFvelEoI4xRwpogzBG51Zdgspanvk0D0oNtDd12K6SwD57ooy2WkAUZzXQ
A1ao36RWVZBwm6tD02Zp1tsfwjmgp9QAwEeYawvKg8X1UNw,KleiDohIWzh5DP7GbocCIz7Y1LtO_295u1OQ1HrmA5mDsxMq1XT_EBkpcwb348iHs3xLGbFAKXusxg
fpG-BJ26y3Hy43KNvMQ9YDB963goNCUibc1NosaKrx1ZC9Q,90Wj607zs35Nqf6O_DAGb2qI3O1jObjsxcnaNavhNC59CVmLYebl7HhED-af7bnBTMmlCt1FAR1_8w
taPvNEk7ZtscTrFLFvTsxSJSiJhh4PeWsOIZNcg5yHdL7VY,-UCUTV86nsBQDAZx_Fx6n8xBE3N5mV6mr5PpgOf1E3O6ZgwB4LhA5dWbJFjKcW0rQIcR7qLjEvZnXQ
bNSFCczb6TSJHyf94xpphppq_XnUlFJ5JVyJnbpTznAeUPtWgOJoMILnNA,3cqaeYZhKZzT6A09NyTssXGWmS2ZQkCG5ZeGTMbabS98HC1bixDZCQDZCQIdckK69uvszHgqi27bjQ
KORzEojUvz_CV82kR641M5wQnGLHZ5vxmW9nfH5qlnuCwDzSiAzV3R48vg,vROHYlajYtpSjVJfaaCpux3lLFekvGkznLqw8LpaPj1DgZggcKDYlWouaI_cPIC0g9uAiKiaLmXGug
on48m_9zb8P_qQeKTxhhDm-e9-xOFfTUjSq6zzHJOHQghpM,Efn3VV4mRUCtATD575eU9Rgy2IKBW806ZaYYXRE7WvOcP7yaHmWTtSaJVqS40EgnxmJCPYbIgHOWdw
3u9otA1Uxm_Ys3gukH1jo7dq4728Gnda0KKFY1IY4e11aToRPqJZPscQNg,IY23vrLflFanSdsybB8B83eSs1SnHeJqP6oBfioApVjYpZYW3P8DtJ9l-CO9B5JaIUij80LwfWDmHQ
LXsDpP4mNAMganrfEbF7zo7SpoM5QTJ-e__Nr59QCy639Ec,yaQgmhWCidz6_W8WRoYs9sIlSr9b2w_sAYqeUbSYuezYrbIBUipU0OF-rwGgXDfiiudU-ELmG_q5IA
sSZPV2cnArz8xk1ami80KCwwquo-zgIcF4rCG0Az_2jS9EtYL4Jdoi6qtg,Y4S8PL5E4bVBOjanh7v5BqYOwDHKn-MBzG3TN5b5X5886v8NTiOxflKqFPlbDqTYpQJYVzZO2sEWKg
sGr7XVGy697U2Qd1guv0LVQiwhQx3Y79JsLmPKxhkQ6HlqZpfIvsRB3kaw,q7ZYcY1wfQykTL4chyTw71PgLMjLPEroHxRkHJ_sIk7DYII1Y15ZSR4PBrSY-rqvDQNBr3F-dk1ECQ
DZMvVUrrH9FkIy79ncPaUb7JE4NShPr4GFd1mocqAlYnqFXcxl2InYjgWg,uQXUKi3ES9JutF2QYs3JhJDt8POJPYhWZMtK3oB7AlQpA0qIv_nJEnRpsK7PlIFVV1LEV_1f_UZ9jA
OQrjWCAF9nO7_EaoWCEWVggx9tT4f7ZKAmY9aOcSV9td3f0,Do4ks0cgoNfx0ZZKCBe5wnJF6F7YgBL8UlnbQa09XTFpVyxXhNJ3B3fb426LZUhK-l0b8_lR__kezw
9Yh2YWBpqFzMdDznHDAL99RbBFTT9ODcMzw3BiKzt65QMitXamOmoCeMUg,MXDw-ZASDiw_-ongAx5bl2EqzYtTky42Sy7_vcCt3otROiQzY0edfKHgiBLb87qJGJhQr2yExkVPaA
k_Y2nnyQKoHVBOSMutoQChbgQj-dBXXYMM66fIqn78UWFMU,PyglddRBNx4f8kIY42k2-uz0Oug09b3SN0Nvx-NRTewbq_epyM7_KQDD2KF3alLKAw7950XcZjyVJg
VNYEkKw-FKDatVDkjVQXo3axc852N8o_CScjtbxlHdErVd2SuMLYPPGi-Q,RpEJVPz6SKgKszzSJAYzHneyaYgFZXkfWRfzmwxW6EusdhXcOUrdPc9qV6t-etLxAqcvY6STPd1cmg
kaWo4rFs0Vi6J8orB5w_20Q_xE9X6mDGADqdTI7ZrtzzWmQ,I2ghCHEWS2IzpJLFU2YePPxV-uzcC_Rm6qaMhA6CQrVPKiFL-j8uX_V6dDpMgHg1kRrZ8MEhTsJaPw
B3BTwVnWCr6l8WknHKi81fbx-ydsYuF6t8xJRxhe9TICLUNOZHFUM9jKLA,w6P1Z_qhK-TXOyFv8eNx4yA7Lps0V8GFpkdkFPlXvrzkId7_GDIo0DOXQFXLJSw6GgorxkTN7YHz8Q
B1k6Y2mxDNMhdIAGr7llaFrBZoFoH08klT3EVgUt0ZWF9M9aQNULRpDh-A,gmWW2Y3lPNMtL03fIeUFCpYFoL2Gm7U2yVjcV0RN-lbAdqCCIrQBkBKR3qCRJjHN-0FVe3GWh1nBXg
LmggJlwNBG4nqL5UoNxt0ol8a9nLR64mxRjh4rmOld4z172omAzVmGwOxA,s_DimpGdfFCaa3eNISVkBUCamd5C2NGQXdX_1Xb6jCDm8D510KgdoeLPYUjoEAjQWKqH-CND8YRGiQ
cuVSRdgf2Bh_Me7440JhMAjzlhBVRJllokQoS4HKAD3wvl0,9CXS337O7ERNMMpmEwR6SmKoKAqQogUdH5ILbf6HBb1Q16QhQpQuwANmHcyPuaX89J7U1In14VuehQ
jUUptZolrai0sbY15EOkP8Zx8Kxh3yN-4HPEdeN_HKNUhNM,kGeCjMzn-Mk133pnd5_GDBKY8fMCFKIOTT1HwMjk384IgKiJHU7XCsua_B4x-xFc2ybM6a3sM__5LQ
ycMhCuYO2WuTdofBN7k7UuGCt-0gW4QrM5ETSHozBi9zrNE,aS21Iz42M62VV_-UvFLvPuk9ZKpU5Z80sGfOgWs5pCZ8HCA4rbmEDV_BJV0CAQdvZFuQ7KivwILZAw
8PTYfyHPgxRLuAHFCrFwKeIBpXaoabpLe4mQqU0GOv0yxio,3rxNcve_ZajJCjHhDvo8aFXqvVYylsMAdfgBHDqSHhTwMX1dxmuF455WTGsao9YTL3SqBjNhxrS2bg
9PC8N87g1mgyeKTVZ2h_o36V_WOrHyDBY4uT8kT2oJMen57eM3ewmEgezg,8K3zxpawYdM-xBealW1p5F9J1bSXs28VG6h0fDrhDEUKiay9nYnYHGeRjFAuakACa43mm94DmwCe3A
KCPdkxfbvDG_lx0RNLedmfHc0FZVn6eOzdn-8Av6pKvZjys,g7KURcHAQVX2NnR4OZR-NC2rTIrozvlsC0hlmus_pgW_j88gITm1ziSRA0k6T0PZ09gUFH3Ko0EoyQ
CqvyfvMgpLW1euuPCOqfI6s8MbNmG1TYamAVavy2VX4te9g,E80PZM2NsfcyU1TI4Y0G4rDEmqMbiTVCw0cHtL9CsYSQfsse7JnitxGl7lW_FKLc4jWlxEY0zBes4g
5tmotObnH7VVd8ENYyhuJzjeLumhHf-5ZY8i0isb8KWf6m0blVtq_VcI8g,IY4PQliQNeahBiz-dRLuZNmP7HdERbs7c29wiXlL1GuiK3IuONBjot7gEe9_5mkZqqskErfrlkedWA
0HIe23pGiNLPxTckCoEsBAyUWrIf-DkO_4A8CkV91JVfQ-j85Owp8jmpHQ,jjGVp9NjMFWMjoy7dhPjJyEBQZwqAszOV3yMLq4FBite2gXXnDU5_b3sUdanD9FUA7AyXBxjSnLFTg
FX1-Lots2uqVRax9SK3nt1bxLjGSqJ_q2Izby0oAJ1cQVx7q,4mf4QMggWtD8XzkoqWzNNu-iRcThBixNvjOLhf0XAtMkeDiaM_HY-kzccWJ711mg1wqpN4r9a-KIEA
hmiQoA9uUEdzkmMwvn-3yYeIZvn_pzLgQnXym8mgbTbNoF6n,ihhs1MM8te3WverwBRJWPtKQG7m-oBT-BdARTxH69DRgGErRT9_GkZiEi-A_PwM48Q7jApujyEkk7A
U8vl0HtoVcgYvIxf66c9q1_1-dX3rbpLt8RjhTKlJGSQ9oE,8eAXnr183XhPoTJaaWuad_cSZgp5vBcaOTm23V65ORKcdfCWk5uAE6A7JiuwgXz3sPdf9OxZu3HE7w
oEj7pq2k61kv_zkuhVVP_QJiixwa53-Qhh_62k3RLmlZDn61qC-X63QPCA,_AizZNkixODHbA7Y63kE2ykxAJyWwKVshDNbRM3wPtLPqO3luIuI89pgS91yxAounzp9tS-aRuX3Tg
lSCDgY0H9Vl6L1wCMWFmnrbCy38teaBTj0glsS2wK3JxHVkeJE1awUbu_A,VbcneJ4EZUoBjowsnKNTht5Co4XZye5oQG_54y67uMoLhGR_JhCrxipyHBgtH2LynNVxa4ZrJrcPLw
Fp50pJLU07xkGgEPhMT1e5WU9yMm2bFxvD7c6uG1J3505q0i39AmetLJzQ,Uj7AVr3P3IoPkibanfmzZnDZrxL_-NM-ehYlWpk-HY1JMV4Wv1wEtRPC7aLwtfjyUlcX80s8hCNeIg
PtWfKMaKaj7xhOP2iulj5o6iDirzfe56gca7Z90KL54flGfgPb8_4n5Xjg,CjqYN13bx3dGz845yUv-y3Xu0rmfBr4-DAVfdwMW1G3NSZ3jN3scxtsrGbdouOAtW1G372tEfoy1HA
AL2XFf4PazoDUco6JErNYFdsfjN31N449AGxZKxwsQHqQhs,dSSPAo45i5jbbvYFrOjEDP_9yvfUMUwPhytFDia0Sa-sL7kBkfPrPfjYit8KBefIcOBVnuOlLxHNOw
NFzdVFo4dBm75HCSx0XidvtYVsL1niMbnH6lc5Bkl5bU42g,bLPf8J1ZlRxygXNz6g3FOgPreXs455yHJ84YtDx7i5sVc3grjnVySk0bDyU-2p3uTlq9eua0aY9EXw
KQn35o-A80BQ9s-2896GjqBoqzTKaveIr1H7527C_0ZFzNI,zvMEh_jHkJW849t8hHwvKRZpwiZN8Cf3DqshTEVBB9FUO17HYVPG_Gos1iNhGpQNO9VaVRU3Ny7iLA
aZRv7Uxh1WxVuS5PKGiIQ5jxPYDUhN9vKkohFRx67G0wKVY,BP6WsI4cplBGbdj4Idi_P9okwMj8ARnrej4YMpFMYG1sm7r591oMHTaNdk2fkiXE5AdGvqvBkWcROQ
QiP54AOJ4K9m4hs9jiGF43YUWIaOtsNADwt2qddOXtoojowQzC5hae94tA,dQeWJwpCvVUfpgW6xICr8_VudHSbkEcpp8L92bxXjY24Jv63U900vQOGES0I2lmy9LP1WMnmC1gwAw
__TyN_Q4eFaWAnbA4i9JJm5jM7kuyf9REmYreBTeyyVUYD0,qp68wuWCjZUhoXWm4_a7X729rEQBVfBJKuDKjt2b6NzGwTmcX2AiwlElsQQrLL38kl9X0Tgjq1Guig
p5uLXhqkWBo9gNJ3OFR5r7_dv0yIb0uc3DdpXAXeJdFQoR4,fNZJnvUrKET2HBDZFM_FXJGrP7Pc0aD0i3V2E7XYFSuP3eebVvHulrOSO_StJVtiiVvcY51YEIcZ7g
kpLuRaHLJWa0a0yaewpe_yi_S_TqOsIxUdpmLP7Wyp9TIJA,WGVScahYRaet31q7NrpkQI_xmBdsNrmw2G2M382Gab7L1UhT2Vp6SzgYD0iMIZN5l0RWpkoGcVbApQ
sIaxqXVDa3-qTkciT0VqmhQRBcV5w9IrAkkCjqi-481H7Z8,E2xw900bhvLjTMhamy_U_0agt7OYP7kHv2p4CCziP-fBuyDT0y2uBhyZzvjIhxXI1EwAJQdaSoGqNQ
L9hUa3FEY0ACvDDQJ4gfGy3yWgZhw2dhqypLEdHRXVeIBuRX,lGjVP8O1Ahrpztvfq_PqkK7qxM30AMqw3uBjAAoD77uftGX4bIwDJM05VTT-FOqLqG954MTuGs6N1w
Z37MQRXrBRdTR9DonGZ10v_ZWQy9HXzMpppUYRJsmOEu06o,nxm7dFIQvFV1Oq8TpVMsLCartx3YkZ9I0fnpG5aJZT8Tz_kv_VmcAHDkW3xHHIihoi1DHz5Nh9KK0w
k0C6M5XxEC22cSgfPp8Js0Qm9Y4x1EN7iUac0fQ3GOFDvlo,b0epKJFr8_1cQ3MVqN-updR4pLpFt0849Jnm9LKxZnoKE_6WpF9pThx7Gj3JeBmgAOhGUzZk8sOe5w
3r2WUP6hUfAhCcRhVKrt3nRVy7szZbvx3K_p17_M5RneDNv9oGuMd72isw,B9fhVcE4bKaa-g-p1aUMcSzeFmnwQFAk45bZB_Zi6MahqQe0YcLLxAYgN31WXJ9XSRgjPNsB8ZFtmw
7QgAgwcqK1L_mBIlWkaawqJNw21_sqWQ1nN21qluP4wyBvBIkiRh_P2wyw,YUlSliopSsJUAJ8alYiD6DtfscNwHZSM1n7Q6CI2ne8a86d9_Pg7QNMHfieaoEOvc5UPuD8Ioeq4Eg
IrDryto4yAjyfatOHZhtJwFRw0CCX1xbRfAZeE0NTGnpS2M,MCCIMBg6ZSFd61XjLem7tJcydsW8Y_P85glQb0SMkyHskhZn5VyWUGvKg7qOBE-Njkp-UOYNhotV8g
BDdAUi_82HTQv3YQ0wIdAjw8LO2SN_M77WaJpegn6X41XVU9,3E4ccBFjb81snOxeFdsXq3hD6qUwkXtKelWuY2h_xxB9Cl4S6XiSYsMA68XGoR2sQHO7102prtyP5w
4-7v2-ptg7TwEhCldeJuipWcOhLUlGearFa6roKwq2aWjp0,SCVMEss8V-aIa6HKJYIcvzr548glm5746SnDzSP6yIcptz46DscRB8g0B7GiIctEmNA19tunUxwkrQ
O_Q4qWTz9Boe0AoJJqMfpAGdrZyHxrK_8-XQlCPTOXzihdyMKCEJeMDirA,jh5ULSYG2XYOCieUwKdLC3IPe384dK-lJN1fWQIzq6_HuUJcUGdhr-gUugmNhek8ADk0v9ssWl-9sQ
hxd2yryR4W4hIJ9flvQllGWOh7stnGMyZA6TnRdDj67cU9s,YrDqJsYAkFcoFINq3sEnPU5x8fn6E78IbKv-lciDIxxi6v3FxXJzcNmWH0nmPizTMUbkkSOGTHkO6Q
fWdCAIgnb2Ndgx2XauAW9ibPxoRmr-IXqeJP-c5Z3_QgqOU2,JYjDiNIUBsFrH_N7rHyWJKfLHXAx6YH7eKk5j9xiVW2wjFyDqljwVqArWxTwOuNZlVssOnRz2CcK2Q
ZYkJ0LvcWys5uAPECtLb56DHjbRZM4ExOQ0-jTUOMbF2QzPcOND6F3widA,GUwzQrQSfIdR7re0jzZTIvwroeCSepU7LJXcmCHZPuvjYrjZR7nkc-BKn-CQWVV51ivoqkGB18Lr8Q
jfT_x5ile2Y-UGYQ5-0xH3gjtl0gyskVqUOTy7bz_H-A8-EQcIgSHlSc6g,F2DEAydUfuW6fwcBd7xJihqmnEoHYmEkJnZ82EywCyDJ8QVu5-JKkq4W-e1WjOERneeOnKpjfCzKYQ
QlBOtfMMaN6NrweUL5BZ4PR1Hz30ZssqR9bU_CVU4lmUID4U,JCfBEPWOR2Od6b8hsVUzhCxb5lKKJqlAXwDMlBm3PEktpnDnKvreulMwmx1SdGG_159-f4_xHqB0xA
nyGAGeSJ3acZMIVCEeFBFZNe9uSGQnBdoZkBXxaKhhnkeKA,NxPeX-f92rkN15xmFhoGrpT9PtblILzsDKL-jpp6WYZIhHXl_xSLJnxPbk05VQWRXRVIkSpT6-0DTg
rVbOpgcFQkG-Q5-AtpTWs_U5bOO8KcZjd91HRamKrl-PRmQ,GtU5thIs0fxvavsF-wpGczPbbln5HKfxg_d5hG1JnxfG_pZMbqEC6-zzhCRv8kYlSM5UsI6TyKp51g
6pj7sRflqKSmlEzyyQSJF9fraTGEQ5jgt-_RLiXQthf0AZQ3qtlMBGIKTw,MnNCb-DFS11TO-ozvdMTAFnaAae1LzOcZx9zhV1Fi6xsiFHyKm7FskaSHR_m26YghD3K47LfBprFrg
G7Z9pumP_Sz-XULp-feeKuiS1tOieRSHO8fSBpk80aw2Sw,TiQN-lKTYgXMJhHcnjHDk670TKBJu7Viak9JIe0wDkbApb1AhVApnCJXClxZ4fEqgxjaTcwOq3jgkQ
8F4a08VokYR0DasOzfAc-S4HUzJ3nD4iSEUR6g1XD_10GP0,L8MuQwv9af-yqUZwW4JJFq4z1RgmoCUEsEWESct56ti2BUkd-Q6zmqZNb_iViSZgzDyM8iZRmpL-kw
EY5qEJr5Hqbmfu0w3JUJo1-PwXIAJ4oko6SGm8UJeKUZiH4C0DvTdzNb3w,RZ8sWdIbel5hK9OzqAMLAZy7gx_VxsFUDZOTogKq4__fXAz8PgoissKSnpNi5NIIOFKxlU08TjaIKA
XCIRnwhlCuKF_NqPEtlniA6qi7HILGvHvchf-AFIj0nn2vta6l3eC-Lk0w,mqh5WXD4qeGEJi8L0XP8Ybd8MiAiWmLcyUje3jvWpoQwls57hpI0mZt0X2AzDVRfa3XepO2fNAUCFQ
PPvkSMeNmH6vEHbHwF1T4AOAFQYP1YZUBrCBmwJJTYKHsSu-hNslQ06wHg,GLWcynFUwyr-E_n4pA20LPHvFJt9YpHOuA9Yp1zTMURmpqNPSnUSJQ0nc1MqOZ3BQpNCT8Hj5JlQvA
qtxJCccs9nJND_KML3MBXAcC_YMyc18uEq5Tx0duR7Xnbq-Pnz7G8SojCg,WUidTzNPdf16tdMxk0msASWbP9y9qE6cfO3KDnUVkyYUSeHZ2iNpJrN1OU9-68u7c0HgveH5Wc-bJw
6PAUZK_scIKZcAZYDj2SzezFNWXAeySyDzR5XBQxsKX7mTA,XQYd9BgeIz70BrlNkR8Ewc0xgqdPfsP_uE_wsR3GvB8njP3nJ-WOpG97E6COq7HUs8-otsLismowCw
WcwZmgivQ_4x63bJ1mkbC8U67-aCt0iWBSC3mvGfUU0yQKs,X6Ud3ZbWyOulj80djKGTndc-4VzsAXNT8QnUvbdiKtnWr0sLKrSmo1BRpwD1AK8rTZazYIYTj6eYkA
Ni-LKLJav0YSEe79NRCjdfpHS8QluBvoxrBg0M5tPSmQ33MNBDKFy-Vejg,vgvlKJKY6cScs3N76Pewk-NFXn9Pt8rYjCsTD6HeGpntg1jjrbt-Lr28SKGhBvPpKKYGZsdfUL7uQw
GjjooL7qLj3zLhutmePaUowSRXvvdKRCsfHa096vkR3_OLx4,nU5wYg4ms07xU115RQLtLZ-qiL5TXBPnq9Sjm-PCtcgoInulf9Y6eCSFwpvOJXmdjCo5033to2F3PA
beqprNZ9Yue0BHljYuxEyEQe2Wan74XTYPOSmbFczDWmUzU,KD3Y0_8Ev2Rbzs48ew_N0U1U9z6R8LSLoVgO_srV_Y3QXLj2rfmh_42SgZohlci_DDySLtgKphlA5g
MACH89nies8tih9pMk4bAL43FzpoelhFqG1iFIU1w3SULrfo6bxCS9lj6A,9fsB-H16RPhQ0PS2ylRpLtVzLhCmEBLK3RouCe0qpGCmRsEkazHW-lfq_52D7yFninLpE-ntIt3xOg
zhGEyFgU9sm08zg_XxKocL5uGp6Ep62s4bmlFcuTIBhY-a0fJNR27buJ1A,WUv_17VUWtBJlKXORaKGhuct0k18DZebMsZ1IOMIc97Mv0xvRxQRrROOyaJD9XZpvIiHs4fVrmmZHw
x_14RJA6intSG-96_4DCkFmKkYGqlvQ-XBs1wCM14aWEuOvIa-cr4OtGmA,SDCI0mJUTeQBHvLihg846YvXODy9cqW_0wlpQhfowUxzFxKI2QPsZHvMFBHA6hyYJVYZtsX6DtrZGQ
vJEc-ZyfAenHlqz2HMS4OZwQ0SfVgj34s1FA8UDYqHrZpj1HTgOZbmh5xA,gczXzMP42qAvuO6FwDtgmCzddWuPD9WM0tDVUTORKIzok7zvfDrr57jpA0quzyTDBmV2Etsm3we0wQ
U62YxzYwYnSfD6DGSjeVip80tB_bMEvOpGrLwVRDX22aAiQ,WKE8Q4r0rUgqGHC9PD-gpw0J-llgpTJ9CRQzvKLIRGwOyDkeXdf10Di54U1NB82KOtjcrmztoBhZPw
0x33nWU0X4i4Sz3Q1JDv7BBq_OxLtO9cemmyvg5xbbtq6AU,S0Pcb1LkQJbDhdzPijQ86RdTVt4giAq-Wo2uuSA0JhPIhOYqb3TJVgn4Ev7JCE8nbj9S4mrpUzn7Pg
1R9TXH8vs1XqCofRI5RnAB5opXkFtJHjuL14RXs5Ktp3o8Y,-GHW7BMcr50sfmcfyd3kYKMfOYmAI6WpkZkdgBd7boMFujoa73P98ISEgbt417SFSob84HtU1bJg1A
HC3wWTxHPQIyxReZe2VxVw1M5-7vtJLWHADdJq6VqcvvCYGiuX9bt3trVw,4bwDWiZdL-m5yediuJWEjlrPYKSkIpOUz5rp_lCYcfvDbC8Sr4BKltgVL4UqEuOwnajdJ6SJCHw0Jg
Miv9z_5kOkkexq4M3eceYBuNGyuILB1RFRFNHnR-EFZ7kBnHUqTYPzTdVg,dL_7sqokh5vbxuTJ8xcJwWJj8FY4XxziJHSa-tF5AYncejkZ1BbRdzbOsX44lgSt0ScoyvB_FEPFBA
f-IbxTRhGjkxEGxakFNJg40t6G7VKWwzSNxsFB_YBGZvK7g,CQ-lkDOZW4OLk9ZR2ZCxJZRrZR6xVaCF-8Zw9D34TFkwiwxskY_Yv4mu3jsY3etMdn8lHwP764EGFw
BL9aUJEYlqj1Z-oYl3BackS1LrrA1J3aLVBLkjKQ3gsvCxg,aDkRokJxtjWxQGynaycvfzrxa8LvVzk7fmNaulfzBlnsqvpAl-PdJu7vxBeIr3gbRnStsksoZJLeag
mdFkqtlW88DjGGVlHWu3HRQh8rKoDWlCdhbrcws8w4oE6pQ,2qI1sWimkA4k4_hswKM1pv8w8jF51nWGAtSv7Z7MOipmyCndBhznyOhJtbkdTT6ZHQqrZ8GqnTI0ag
mLdwAc54kieCtFve3OCfIHTbtgzNIQ_imqKZdGanLK-elU6KMVZdjXzwHw,1IPO2cvHFdxjbhZyiJHZKOlSqoCJRaJPBtve2yTkkymMD-9Wz6TWAClK-Mvc5Y16xX3HQnymAxUsuQ
Ey06XB849Wsy-uaf2d875mzDclmXY0FWjPDYtC3D22rCYQ7A6uOn0kDP_g,prrum1UTIqj8y0Zia6pzkMN7xdfyp8GcYNQC3pq-N-J7SbQ0XR7UxePSbW3NwhcYw-T-v4gSkBquxQ
y6t5RpfNWOOMYb-e4DNxBJYcCihhIZipqf4k98o7HeQf84iUHxfKiYSwIQ,TVw97AI_bUzXetQs1-Zd8Wtx0gWZe6cmp4YZJE8aYjBfPVq0TdELioes-HkQbKM57FZJAIbfSjWSkQ
eGqwPm0A0V9PC6GFAD-llnwsW3s3Nk13I4Ziima-Stomnyc,vPdU2s4SgdeslGv2B0vsziWMtwSBjr1r8kzA691b0AFbdwpThfvdeLqyZkFXJkJktO-Xq54Z-J27hw
MlinnY9oaBr1pOItVGQIDkhDadulYuNFdSJCcfVmEpkmhzY99Di56I8fnQ,Ut5CyhRB-BlTyldpHX_RBRkPtYAGZHU7TvJ-eOxCW83RBXXJOTUthyIPl3xiWMjx7Ah23z6Ay3qiaQ
I5d0c-7ldyaA-49xw9rnhdswI__AKwrjhIGhIY5_L5TgVcuiuTuRG-UuPA,5Mg46QGd4ytz3wMWwKJ3ep3gQmrTYFjbe3R_5tPUdxydybNng5qUdqcMb2COx0kej9Wp64tFv22-ww
F3vDwLkm4d1zFDwGrAUOL_1Y7PNmXBNKfD1nAulllYC61Ou3,NGNjqGT8JJptbuY2RBlZKRbX65jh5ZdvGcVnXz-hKD1En-yPuqSGQ6BaKi5u976FV5JM1O7xMRmEWQ
9XIHkH_ZFJVahq--xv_6N3iG3fhThQxrGobAhHhjrtQFxiYav_sb63d_GQ,IR2qtNMMS6qe_ZDGeTMWdBCJYQb0x2Z2FQZnHv9ffLfzURQumfZ0hKhJ_YHOh2tSVMdn6uHi3BFx4A
q0fEslBGHonohU35mEAP83tMNK0Tr8mQ0f4VgjwHPqorMntlhcuVkdF52Q,Cs3EsWus7m_n6flwZzigZoeBsOYrwnE_JwkK1iXfzGvkMkUlVUbgngEbzAgGuIW_9pPy6u25Q9B34g
k0XxEOGdTnQorK4bgsYHDQNzXEeyabs29EvSoOaegFiBuFhva0ZPRn0p0A,fBSgXE7dTenjRnYARRtCNzSCI2SyA6j4lXQ7jdO6Xco6WYlHRQvJi2wtnNnVl9xjpfOPkzk5hUm3Ww
17JrNqLoFaP4BcxZTH5pcPGFEiQo3cItU75gNx3gergwFH8,l7Rsjrsm_1d1aQJR9vhsH6kiNfxxDZdQZPv5PUfWLT3zBNWbxLuYqc8gHlZt8Jm3t2g9s3Tw88XJQg
Xc8W3aV9ZqtdfmlBgoI7fVXdPBf8bZjaanviDc7-A-EndJ0,g90Pi_YU-rR8khLWFvC6XznrNaJkZZTK69h3CSESr-1D5InIoCSgKr3rTkbsuN6DCs3v73R7N7BsEg
LJJszCmJe1P0bng-71RH8SvFuZKoCanGuV0TfIM6JB_pIsU,GF0f678LH_GJ52MmWG2GzZaurJa5l7aox7hLgxdsnBug7ygbwmd7YeiNlvBGDF7oUvQY_X1VVHGjPg
b-jN7QRzBYMYAfjU3YYzSfsdvAlEDrRA9wOAuPQPNufEzKZXduSRgBumvA,teJf_iFnCoCv33n9QI2z9APHIQFm2ixpwdkP68S-kbzq1lZoHfkliUx_zBWyOQdXeXWt1doTFLi4kw
PdOgptjlcHTYze47suwSFrDe1JXX9rWP0O1I-a8cC9whj9k,mwS0730LsJh21myWGqlx5icrV1kXvLl30pXfVk4pXprsRZFE8Hmr46JrnKKf5JbL5uls0nZS5eBlrw
tgNTCi6vZG3gfdBtaEBKQnDFY98h2SEESpAk3MGdO5wzFfAtA73mCTsMMw,Rlm97VnrlqJ9Z6ul6c4Eu4sZk7DdKtks28MNWT-4MRujH6wmtXhVQ_ViXUuTP76ASvODNwXqodD7jQ
824IeEOZdCtoKcnl0SVM2wzQdieVdzQ5odxj1UyzBFFtBAk,aILVqfYa1G1XSovcwqCATGsmmsSXb6ZmGUmulELSegKGsKtHeTcR693nssnZoqPd2mdy4Juh_uF0GA
FVust9q_aexJWtkdL15gm_kNfb0dOxogBFUhBSEp86Hkj9ULb8b7L-WW2g,CL0nTvZ6JSY34FoiOPwTBpo11lMYyhro54swWtrfGus-FvqwIByTho6MFgZ9Rvuz5_Raz4boG1pf9A
Tyvd8_GMdZu1a876eGRyB5JZHJIyasmvOg5_83ELtjWEv5kx9eN__TzT2w,X4Zky8LxqfJJ3BDsAQ3iPczLtvvEjQ3VX22La1Njo7H_4bGvsSy3-nA1KRnvwFrnM4fYvdwCPeYw9g
Aq8DNoSGdWDG5YZXoRpmrN__cs_WvvncxvvwXuFcHM997SHPq3lPt_ENgg,IJwYRHM1xHEqVKDSE1G4wN8oKcJrQZ4xY8pZWMwXZLMWLrhZwdakmhZRxo8GZX0Jt9vAvULYRA4KNA
lccvXC_Q9I3EnrP0QSu6hTtkOG86SPKyFK_5IyXsd1qv91U,XqOGApkvlkBqdL1TH7eBzgHtmdLPoD_3TIYDe45vilqk1L3tJfgaDj6ldb8Ya26toadeu4ff7VGPfw
5ib7IqV4T1u9pRlssZ-p6qStYUJt1yS1JNjfxJ2M5uTNE7sxhOsVA7ClxQ,-1bdaJXpjYFGjn-nm1zwuRqlGVs1-sGhEPmF0f-OUbuZlAt7i0cexSRjDzA_Nvy1HUopbo5QqPE8Sg
1syYsmtzqfX1nlXxWa2NrywDXTE6jN7vOzS6AZiuZ2r4RDKS2OaqEEl_bg,vu0lAHzb4C5hZDVtw1wcqDFThWRrU9JfSoQDNRAdwPRhe9cdIVfOanA5dNobtrM8Wl57U7Ytb6hqYg
ZG1aRSLu8wK3aEk0awhwjeFhICCKg3TPR6CPeNJDe4hwUu6cl-RnPoJeSQ,Uyh6JXgGXybl3ytTQyafCgBVrK552nDQNBfKoV4U81GoGcxiz5z01o0vcpMejdaxlnpB11wsb7D9fA
UDRvlCGgljwVyldAGOjfuKoCZWHie82cuT1bF-QautTbnnyqLSruoCcKeg,vD-AVF9cOOVRxlVb_FZPW-0FLdRQoz-Uu1VJ8Pe0EBwFbdL-Q6ukeT2USzsWZLIoRBVqVosNVTyB2Q
SiA5tkzh8jCyf2UvObK7iW9S08c6u-p8mxptexPJiM286pI,JMdNN9HX6g929gI2FGbYew0TuojLXe9-msw45JEo1QBhf6808dC04XTVjjzAvigRBRnq4yQJ_yDS1A
dVF3LV2A5AE7lGb5CzIiKU6ePuqm0Wu0UTwC4Bcab875Sg8,KaU6d-rJFi2V3GZkzJ3Vud6IMkan_wPJ5F0u237QtRSd3OheNaZpSoO9hvFGzF40TbIYFaocQO1nfQ
0jlddF3fYvL2Xx9y-OPfmDOSVCV5RR5NfN6MoUAX6CfbVplt2hubjXNa5Q,yp5i0s0zJirBf7UqGH5jjUdUQk1X0uocpW90ixfQD5A1PbICohAu6JG72SBlg51aPRcJygxxv0W-hg
ab8fTS853FfpVWr6FtP-eXsX_HJCN2Sb8bRMB6erRSNITnE,7BRzwhf66rWmGglWx9DwJilOba7gVO8gUy2AL6lA7LMOjwWiwtM6GE3dpOHqA2vs5s1GEX8KgJvOXg
OGIVs2ZyxJlZbGvBX2Puh5wuHc79Erw10BjRfyVGOkfLo_w,UpEvj_a9eJJYr-HWGFukQdzdbw1ehN3UccATRs9X99lS3FRT8dQcoqv2eZp7wKRJB4AxROEns6T7gw
reQZJ-Dy3736Yu2Wma6ut4MfIgs7UuQIqUlpOeI5mBkluxM,2W0mzbzsxMTeGUsxUnBp-BfA8a96JDX7bt88cfPjb7iKd5TtjJGe_3vwbEWbFczbUDv8_PyHizbzaA
Qa1g5AzGLf4gmZjAcNDeRGBtqtmPIJeSHHifGa1i6YTq7KWm,Wk2OvfbEKpI5oOX0xlrwdfY6U5vsSt_GCi_lqig4fFQkJCEkvx3lI_42wtD3i2yjBXEYChKp5gr6WA
N6lWOdJJnSddxfasMa7LcfXXKnTzEdbANbaN13pZwNqsm3M,F_79PnZ6orv1BZkub2QGoeo28_-mtmq1A5s_JXYE4YLTP3U7yYj8TC3rnWoDbZjDvgW2hJ5qvKioXg
lFsqNam0h0_le-CxaLoLrhjUfHCAap-1_E8eBVk6ZWIlDIIIy8UOeQwAaA,uqDTeAHqI2qVmrQhIa9Nb4vxi2H81X_vJnQXE7mQPSBx5YeLOCj1XawSXyS2aPDOuUHGDTHTBNrLYw
LYtWriF28HUQwsjHKJAcD4tu-I-sqrY5Emvj4wWUwhhI5X-S3YX3X1joqQ,SQFsIU7XM_-QCNDyz5HVmFpJMvI1MDJ4XZfaS6dRU7hWVIMu6-f2RZpI62t6QCm4amV9LHIfA51p_w
M7v9R_0ea5bI9v3k6ldKXavcbG3q7dkQ5mhgOPstBckFxKg,N4EFpHfrygXpJ5LFxRxsx1wGBytnyYakdWWMaykr0iynV41hnMgl_HUud2-1YDzzotmtddumLX0qpA
Dtb4wTGHcCqpGMsuaDxtJ3grQ7NCcQmnfiPz0tW0995s9AY,EY9lLF9bOJ4se9nvpLV1PPn1WACiIC-nwEK3x_ikQJBi8STV1MSOS2qWxhJDG9RjeJi_tVXthElB0w
l8rlB1UR0uScZF5_wEcop-YMKEaIb5FFfipt85UQaMlW02XF,38-uRc_HlSapLqHAecLBTfkV1aob4Bid-bRG8BzP9qtXenIrldIcB9NC8n6pCSwEsgavxpTA5ssNAQ
obj5MWH0SqXJKawnf6f70W7Nes-vEiqqrcMEV2xl11r0YQk,O2NpGicZVTzmarjSQoLLW5fHzbiJkG2iUhGSDzE2rW9kddcBSBerqg12jkh9MhXgvXRGQRN48asSVA
iL-cDYb07fj8m8PQPYHlW-qqCP5bAwoXWQWRXNgtsQic7glG8Ynj2BEDqA,SIQOdrJRf69noztcWyInYNCLQISNZr8aD81VEGeUOPMRE-a2RZQ-qh_QTIzJ5fUBS-TyWAbHfaZj6Q
hQWxlVgMmZ9GXLtihsiVmVfWnOPON0veyGYumJEDt4tVMrQ,oAzHzMvXn-ivu7wtVfYGUJ7I0iBtSbRL67h81UOCgO8I0sflGHJh6OlJWue4ltPuKoLSXYh0x91hjQ
VdUwBi5OxRWkKe78HIaiM63Fb1aVmnOwyC4z_zdevT8Ivm-EsrpOj_AIJQ,rg5yOpe99jAEoEK3tSKFjPJ6NtSFTWJsP9Vu94YQrgX8hc7CT9EGoSUCo44qtGl_1FaO28yW7T3wrw
w7OXA9xyF6xCjW2DJpTHri8krqaGliPk1zYWAKC6iSpxwh-apfTSGJBFhg,oMZNf1tiWTCGwz_FFn1FzzxDPxjeRcEIcPI7KlVlg3omEWMUyMdfk0g9M5-R4ff1TFk0wEw03bivJQ
XdbpWenVSHU5p3C7Ea5mo8Otmf2Wf-Ausel8gPHmdlJ7C-y2UCTw6mMkTA,6LrPzJGA2rzmzh7dYRnLRBSMnBc7X51IrdEMN6N8MAkIstd058-sDNU7phcb1mGMtdLncQoz_1uOAw
-lqnYwQ5Ain35WcNWw2fetyWMpJVUorwtGN_LXF3qW5kJTU,sDLKOi3GwpSPdvKDp54mSyxNqMsNQChDkC8Mp7KLxSPW2F4GjlGhDtNDHZH22DaM7NliuV5Ac423Kg
dWhfqQhAUjeI1G8rO_7k0y2BWEL3XmKwKZUM2xLXFtN0LpI,vGBWTvnwI1l2THzFBPOYlh91qHZvwYGs7jKKWZkLaGQKBM4KLOcuLBMERpa5pNwxf5OjztsdqRMjwg
K-MrZQvPjoJMfwtrd3Uh9lrJqkKLhB7gYw0vDrJmej7aP4lpuvEPPIrJBg,dXDb9tLFgJUijdY5aXOAN-tXB6Qpz__NZx7nZVuSwIFicmg68QVFw0hSYdprRLP0UCkXtF1oOCsqBQ
RWuK710b3Dim_D0Dp2JwCAxgPmiWa5kSapisgo_iEHBbHa4,Kid84ZUE9Ah2ZN8KAPP3zhh6Qnk_fayTf6pz4MfSko4Ky77lElfyV1v65tEtYLXQ8a-HOPLpawpC9A
SRtqMFOoRkIobfsQFJc-tfiqjOboL74MhKSowg-1bzKtl-vFEjLc1TAYow,bBUOXnm5duKVdv3NwlKfPlYUgvRg7TDXiF0FmrNhcPDOFuU1G2O9akSmE_lXwvz-ifJgUVnZb3ybiQ
Qb3LO7iZXpx5MSQbu4BmzpmUysCCyPvlpJtgT6HnrMz-1QI,-2e5rfK6iw3vOEJBBx1yucMGmAHveiPJ5k4vt5Af3P0L-77CBr9UHE2LhCmnhyhpojUZNWi55E0Y6w
cCVKkYOMEHuUFf_EzclpW2K-My3g7CCuX74aNfVeqB3rBO0,nHbLTDOWddfR4WkO4MHREXepe1y9r3nPwMBDs4KC6xo0dPOqra446fWFXs0o9Z7h_F2GntI4vPrWRw
xOSYSZ_s99Lo7f8CJxVQBa_nv0Fj_YxCDlnRMVCGM01jnA,l88rN-El18NxlHTQankoknaJN5vy3dB6TjapaRQ1O0tzOKqNVvztXZhwkMQJ_h4MJy_iA9vFr39UAg
HbyrMOWTetJUu3X9V6jrhyaVlLT5XcoLm6-v7Fi8TZEKOlNyP8tc69omHw,uDSQXPOtO4ff05rgIyVSD1KXDck15H5vrIp1jWK05BVNNEsdbsLhFYSKFjo-ZGSdyYWU4IHYuqeyqQ
Yz2USRFWr2muxwKUCW84VMQuzsrGXHJ-VY7nAvI41gDnBN7gQRsgTMFpKA,jruVlN40G68bB7hsYrEvgFFuybibsevSVajaRnYSxouzE1GKN5m2qXcWi3MIf9KR8U8LKAoZF8l43g
LKGH-pBf0rPa3h5MQM5-gaovEHcye3l9CErBgTta_JdMtZsRIVpgOIXo5Q,X73kCh6gV6cV1o4BTYwBC9I0YSXVLaPJZzA_ieRux0rd8Kli9rLmZ7YVHLbsROUS0YvMBYN-yPUyaQ
xogT1Lhs_8xJ0lhczxCSGEM_kiFLnneW6dY3lcNoiU3iJR8-J4litJyGaA,1LL9PtvkyknP1WroTrF541uafefDxVUHPdHU4UaiQ8wfMSxl7AfVZ6RYTahDC-y34-zbi1wLcP32HQ
OnOjI_RLAlT4SNtNJqaTpU3c5oyOZ1KqKi3M-Yql4iVN9sM,80ArNFffqIIsX32vSrOyrqrEPGvJRYPmyGC7_inSL2wQGYAJ6Bj0_qG8YyDv00dk1ryYgmdrPu7A8Q
B3sP__uucdxkiInjbf1Vu8Y86BEH-dBrwMDmwO1f5nNMkQg,aXM8tfKvscG1ccDzSSdOBTJTEiGoGrLZjNpsFd2eDa3CcLpe3V6OwiKcr_tkg6SjthaSDJ2UdFM3Aw
9lGnS-XtL6wNC1dTxK2ew0--nVolnLeGwFkPvJBTZS9FMFU,TZ7SHBJrRGiUQ-4wgiDor0rDItXdGKg7kunvs3TL4MLbGNvjsxvEeSwqMe2Fp60R32fec1dqxQ6VCw
bSbzcpz_R_MFLksA9jbR1Ip4y7CHJ0wPFNifLkUHP34IztVlqH40b3OVWw,-t6cSwZk0hUhfjY5ZM5Kd55oUDsjLJiv_mIXNlLJFCANaAmAhfb_BxD4HmRMjJwdHc6nnka9H9UU0Q
ReYl2tH0g1zSWB7A0rxcM7rwSElyrhHRh9VnoCdB5Ny6vUA,nB9VQEzvL1cdj1J1kbtxpcQ7YVOWzKmnjsVh9q5UfpLaj509ZKnMDJX8R-YwEeCpEemp60hhYyNV9A
l8jIM8E4RT-HFbY0b8X1lEjeMcZCcsH1UGLJS4hJ4RknkfMj4cMtHGmVFg,NbyshfrdOB1dmeQq_NiD8PR2wzPdDYyT2UB6Fbli4fPmBcPP7tW1bVyejVXAFXyr2_NpIxf3eJuRfA
xQJ-KmX9LOop4eTMXGeW33MOQrGHMpm_VBgfM9WojR_3jCEm3A3xQH7yxQ,W0ILw1phOGofBV75_2mTgBvNbRJbjjsK_wXLQs7hfkb4gpN_3T9cKyh0FJPN5WvKujGl0EcXiGk3SA
Qaz7WKi7_sOwFVGJU2qDq7WSbSlm6e40Nb1UGok3D7e0awdsw5cVlWL_2A,N_T_jGnD4cEbQDnMSg-37RLNcRQpDmZ2mHnMqgXrlI3ZacDaZPvSNa2YmpWcltXtHXl_4HmSiZIuNw
g7qDvfrEEY7gXfhRbq_qJNju0RLNGz83mFLLgxz09t2YtZs,0PQmtv4nOlXAx8BLMTA3-PGQ_CNgighOui0bDHuAbXDMgxa6Y8X1BoRA19tMkOCIFFbYqHuF7_Pghg
WVQ7pabKkAg_Rc7NUD-lXsuKgIlkx7mhMW31DareY71sOAs,cezbMuWqvwejPsC6KVomyWRSRyWmLSg-LrnYYwJ_mIcfFt7f9bzHIylI0kXz-Nk8LVzNXlHrw5yDeg
qnPc6UgnHQ6HA4kC-yJaLYRuELzqHEIZsjQWFzCg4K_ZxR8,lWvPgArrF_7a2uxE5lVbEPQD9STmWfniX_XquMp7m8y29BL6SebO6L7Loyto8DYxKs2dUjcqwlZCtQ
cYzeCcCOZiC7XYrJINJkzAJ9Xl-VJoZCTwt-0UQNvXcO1AU,69zMtNjaY0RoTxxj-8Vs6kP0PJoCduvukCzcuWFk6Xh3tcXnCGk-nQhDZ_tU5iVFMS2JbOk0-PQp1A
4O8jwLep7a1D__U-nPUh7PbrSV8EMxObmfTn1wFeIdoRZOeK4FqBP6qqXg,Ij0Xg_VVNk2KxY1ZYff5irChhM08ACA7al7C3Sn96b6lWyTdtMYFQhqgQpnkRFciCj7h7fNRMpchdA
q_IfbCJA2A5_42IjXrg6kJmeqYUbIoEXUqziBpg4s1-RgmAh,83OYhr8xqdxFY1Xj-Q09GGVyKTl69EzRP60MrpEaINy7QTkSgGV4XJ4wQQ1cJofq54IRlsO7tkwDhQ
mIVaiw1cz5nOvTp3MRzkdC_rAplcgyfbNhvimykwtQWli60d3SN1AH_hOQ,EW7kXB75agV4gw3IT8y4i9nHNkO4Tg61A90dltsT2dbP3phGnPDHeJIr5Ee5P3CxeWGMhxc72n1WNw
0ShZdRk7bTPsGgn3OT-ysiVxRHNydvawUZiDtO05h7Y1sVA,iiFcd6YtrJ7_SpFJ30KBVbWL9iGLTeCpxSbiF-5CNy3qqtcrgbqa93ME0KdDimhYBTjRfYC7OoPnow
twG7m5zBPA2rNXVXQbb2uuM6Sp84ZqsHoRM0J2cZuIMUS5jR,a19q9tEz0h97kWOctuFfqYzLUNmyinJOR86VGqyOrQsj_Yv5w-AfB6Jl4J89A9gla9HtLL4-ibr4FQ
krV0rUjqeLLBV1m-etvQoW7oZSMeN_P5no952a6QA5EHoZY,g7RR6bbnM8G8yPba_yBS-aENd6tLOPU8uetcGtdIOaOVZOuMDwRMjxj3XEDBq6OtCwtI9YZjM8vnLQ
_eFrE40uAP9KIhiGwa6-e3ZszduGFprEsjm7sMBZKigg7kko,6mzBbu-WNJDtIbLMPpfVx0kEYMdJJLSFyvZ1fv6v-sYlSA6XzCK4EormGJV0eluylzTpp1AwO4qyuA
no453sP4WxIgvLt_OptoivZnMteH6fgRFzS7tl2h7dwEHn2isZs4JXeYCg,blCHUQeqeYR6_qbr3M0_YihCNPcJFw-yghb0P8reyYo4EbG_JQh12HYgJZYoYE8O_ei2pGCIf6WZZQ
x0_nowAcrQa1iw4uqCfq6LT0bSqVd4lsMkCZ2c_PSxPzxI0,kXqFcDoXZtsuuNGkMpZjMyojBH3bwOUUsfv9Z0MmRSwwdhlfN-Avr0C2jG3d9AL2sypjVPLHoWsgwg
W-LKmmygGqOG44Km4y73pieBuE_eCb9nERD-fQvbv7sJxNo,gKoli3rGnvtegOyVTZi5q2prjM4vDXQ85kDlFYRMzCtOtAJ1Y3wmxSnlUzYjXMCJAlMXntUZrcoBhw
dgM4YLE4acPRPHJrl07srCC4_icazY0jeHoCfN4VEx2K1g,kkgu_JWe-8T3B38v2POBob-ktZMAfvF9oBiVwYVyiQyBvbG6A8jxRn8c3CAwfebVQiesZVnHsKe56Q
OpIaIB0pvSCe88wcF-LHoAUWmk-GfyS-mza7nzodlvSP9BkZsEL43eN96A,j1pqlOcUpLxmOmBx23aTSb_CKN8D6AiqfWDAbpLpp8gtgpwtL3d5vYbJ77PoN-GZ-JxY5m8apHl4dQ
KTWu__Z64fJm7pt-VwVUmhz_wPjtNC-H1sP1ZcDb65vRLj-TX4dvhVEJLg,4ZmXd9-wNn6TcVFMmbll9_HCuF0pH32Px-oJU07wsSGEY7JpvPhvpy_tc5yg3ad0rshWqRs9SYWxFw
U1DJo6QOb3wsM57W3f9-1stNAQEeS1iYU--69ZoBxtXjsaI,gWhqdFXXcelhxwrMYIxIMe5mitbIITKb_UE6yCMX3UqL3KKKSJNLRBlQlXt2vlXF8uEEwMPURIPt-w
iLc4EXcF95stVQ6VgQDxslkBMtj6UbWe3pFs6EWciLQNIWo,0epX3w2kxO6JpXybxpZQtHvJKda6s8rL9_-qe4EA59XmtP2N7UAdz7SHVoIWw7Ha_guV8NtWnOIQtA
bAB2MTyCR08GqTSYqp_1I-RLroWswTdRGiky3FEasUNoVc4,1ooCdljlXL1KWOaUApWqWeecru5e6re4oSZVkQLlXaMv0bP3t5Aqe29iznez61kl9TM3XoNnURGnrg
z3DUd9D3eRqtrA8Iury82UOdpFvZCQsanXNdtZvBcHoTz0t-xJeb49uYmA,ZOBdQfaougHMQtINzc0HOap_41WYik_22Z70EmNMBow_66PX4TbI4NFqdZYflerU8qFdtdW-D0EnTA
2p2rImo-OsHALH2z1kk4KX4KRYc1UJsvhMZcDWnhlCqI3JHHftNToWUtwA,wf8KfUXdEOWV1E2baruGPj78DoK-SkIA149KBNz9DFpOB-UVzn3d5wLdlDAS34KGho0H60-B8L6Icg
QDHFUCetvd6pwgpFvv7mDZzn5QTBIDzG2KO2ndw32zDLODI,duLA2pa8X7aDPGq9uEfW0kJghjdpgYT4IkgVjKRWZySJ1wMuuHsAN43560R7uI1FFRfwe5wkvYZzkA
Jh1xeqC2pVHTrzlDTF_3yWRG_SzXQUA8Ssr3mm5aQZLNGZs,RlpBAdxvqLNRA_HgMxFms9bxOMezpf52aN_UK-YEuPHh4uvC8xIonILF0ZPLgUhWjVQ_xFlgbwj5Jg
oKXb9L8RNgPJ03GtZhS-Eh_pdNckYYL03_a0w1HHWlmJkz0,gDx9tDTHJFT7uatOxB7hgHQIld6wre2u-BYZBDqmZNzKYdSszucvxvo2vMbACkDeJJkUPf98bTjdgA
Zz1kB_emZ1QAWKmkG_yiDWqZfPlHwTXGp7_rAOVu1Yqd1W8,mjDL0oJ0B6CUpIj4sScjR0JKT2qIfK7Vucn9_FVkILDFGyDCiK3OFSXreKK3ylt0dfTsWI02wDnlrg
3MTy045rsCMn_y-NOZWVrTLgL2kRM9D_8cF3OPJ7DSCbpVs,6NC-24jQTRGBwZRZiNmabwiYv-a1hlVCdHteNmfYs5ST8ojeQOxjg0pNfmjoO0LJ5EauOVeDw4Uk8w
lg9VwUdOm6gx54F7vR2wIGl-odNGjdT3vi0OTkig2nm9IAgm7Rhuvb8ANA,a88FIcKHIUGbfDB0ahDgUzwVkhJoqhh9UdPROHFLYWGHvznqkiCw6-EprnTLat_FSI7eYgy2OywbGg
DDS6NVw7zBuQE6c0kUj9SGzlvtHR3WTJ6jDLv2hkVxlJvvU,FnePd3KvMAdNgxqj5FEzMzp4GHBIq6EH5gXlPhxJTN5Y2EKsRYYps29Pp4ISTu9C40K50rypnkP7Ug
RB2U6kyW8_8jskK7ZQesnsDBDcH-pNGd_QcUedq2ZfNfKuM,JRBhDk4O8gTn-mxA8QxuChcqHuxq8a2O9N5aLVmh9kkvRZp7FmtYoDvbzXYUrBu5OEFpNtooA0oHrg
jBoY6sgew-_ojWKCk-6PxHKe05yvlLM8KrP_YHVu3htHOsjHJ7KNNkmBTQ,CLPQZQwYifoN-ui5_F4XEM2DM-Gc1-sTtW7kY6aAL8pzCX2AvG3RuH0AEiWF_bXHQqriOuPRRrYFzA
IRk6AzUNsxsEJGQSf8kCFVEYKAuJayi4XFHB-ILVnClU_ye-,7J_UPx85s5SvCgAZowBmI32cB9oeQ98TjjZmMSkVquO9AeI3gxMBi00HpBgDuJIqpShof0MKFqfvWQ
tGEInmSFIrBvrwWkjcY47icXdIBwYvDfyPWY0dzSdYe4o40,ATiPx8TcjaCkc36VmE1XmiOoqY0F8_s5o8YFqDDssoxqkkzBdAijODDA5KyCjnqpyZE1cu-NamuYqQ
oFaOuHqzsp02j71CcgHdlUJS8Z4jNrvxclVq2J_D7yiq69s,_nCSfCpiPOvQYO7C0xCPsYtnlCF5sVSdAPbb6qdsHdntQ_0PtQOjdLwj23zR3X4wdaEs3uwS_uygxg
1r0TUTgjwIGQzLvF1r_cHqvQVXvadJVVb91x856cqRROnNQ,XxXvL5ZMzPaH89Ipx7n1A_CLdbnlLAn8BPJU7A1loHZ4AjsVsLW26YMCJYyrDq0JefJTzqAeGGpsZg
jAApdfll8Zzyif9_h-IHKqMrn7D1Hwh6C7xoOfUg2H3j3Xvzhiv4nggZZw,RcMK1UN_eOadTcwQmWDyo3US1nxWaBCJteRpCx62ELt2JtiCvOCKecckFipW-l3XLHSQ8DqlnkopnQ
B8WWztLElQdzyK3xeJxv6rO5wmv54zbGkgt9db-fMvEx4Nw,JD7ZLjcpkFEjrWJopqtEH_H2wNxTQeX5QFIDio2h_hlhOQBOwDFjRmyg3gc0NQ26DivaKej2eZyOug
3Qz85Lf4QKOcf6fLNjmn1iqRmdlb8fXJxBIAhQQT3OHOPl18Rbrh3VFTRQ,F1BO30Z0FOd3aDcsRksL6lv_gq3RaVHsb5KHvPHfpWSwNvjrEP0MaS2gaairJ3OkBsFZn0V-I2r1Nw
QBywCBnLGZL4LvawfM7ywjiHUDQOcIikFsgLlcQVkzQVxfk,lPkHjMrbmBs0qYcYVfB4FOZ3dVJFRIOF_NiYZTLb7IOjBTpp68x_KppZEYkzKVAWsAxJadyLd6YXJg
yaYz_JIg4AUkifzq68T0qX-Wfh5SOs-QcKQqLG05bYg2VylTLmYYaTMWLQ,nbwKmzGcyJsU5lO0Xfa-gRBQRSAso6fyt-_R663cWAAsMsjQxPKADlmBUjDrgYjFoCe3m7Hs8Ycb9g
yQMF4DDFCVkm29TAosOUz3rNP-aHNG6oJeyT6Kvhj20Uk1MlDt6nenJXYA,rzonQMHSzG-HfJS3mQpZquSqirC2h3Qnpv7t40zP4iSGEtn3-5T0fShsr9EULzyFEQgYL-ApIX3d-Q
DWFCDl7wwPTH6M6fWUDLyrsePdPPBYC-Ul_F0c2SOMER3l8,Z7zJh2qf1LqRLSXQ89q0__hzGBPOdmTK6tUszyJ1vX8RpgPUz3HyKhxRHvAXWK3I_If6voWZc2MmPw
2cZfv-lYUpBWThipvwaPAjkujpbg1IxRrFX2M8xH0fQW8Wc,KWwnnJ0q7A9QhSWNjvDpo05zyoo5F9YIpXGUHBha_I5mVQpKD-iNmxDmwUXrOlMSEcuPZV4jBy6D1g
XJQQsOWLOqQnFtj7JZxsl6il3syvaEajkuo6esrL1kIw1ds,v9KTKlBg-zOG0VmmvUKEM9mreo3hXtf6sS7vYPjBbzdd65LPbuGCL-tDjWe1Tn8bi4c3buZE8sPCiQ
9iaLC0ha2IWxkrQNMFXbL0SwuTOrDFMhpInXfrN8xTVlEg,30C-o2m9pY_qcK_5a8xrztYRf7FOZCWJIpDJ9V_x-K7nUsHw1fah-Bt0gq75XnpvHQuxVovrQUhkTg
b78tTekOzqycDX8sSYjzSQKWdBM_9W85XRBsXxS4Wll9pcw,btPIxogJZQOOSMGNeQtyuA0VFkkjzu_to8ke8kyqSxpNNCwwiNyyrTQ9f8L10n7CuIDLVRFREIV0uw
blzbhHH4zD8M24MKo3kB0gs5lqbsKT310k6qarmgFsvW_dE,hevLLpZTKF-quwxlxLVad07Pv9MNUTHBfiuPTQd2O7b5SOi5QM5P0whMbQEq34GCZ-Bi261pg-E2qA
kXZxgyZXtSLLkNELgrhs-bajAURZpxghsNSaHa0Iecqy5wQ,b8ePrwNMyuRf2iWBVjY69jdlBhJYsye8bXDCOQStPagKvMVnC-rBF2_-UIpATHU21oImtKxznv-MGg
tX-HhHbVVpPVCKAo9u7r4PUR9So2temB9JyneP4MWGguKUY-md4b5S_8dA,P1Rv0B7IXcNd70Jux_PEjsyI75ZCoNom5KAWT5IeEIEq9Z5NNfKhkmHeTZcbK6CgGxLvyDdFKhy74Q
eoD1By_MSOzPqjL5cl06KykahcwrSmrypetxcyR3hzFOwCg,gL1u56oVxCtkh3UjqGqUtQXFAvXNmvBnHyktlF3qO9h3HyHvdZb-9D4c3CUdPRNLUnPcmgb9nlrBTg
3JWzUhS5W5iOpglfPAXDOOzh05Nf2QWwaZRcaleX_oy_kxs,EEO1OUsTYltJQPt8NooVGMkdsnQbscA1_nnbjz9JmKrAL_cprXZmHMdeE0u0w3crHsZMpA9S0N3PNw
1_zoDJxMima2GH4IJngtwXlL1WAiBS89KqTRDlCy8UBCX_l_OmZHQKZ3Vg,HD6eVvuy_NZx6u7-huhX73ThP0gkQIbO1yrFLFkDm8HK94pnvGdVqWg5nhLHC11b8zyjDdAkYe7Q6A
lh1kZosiYbf8tNBZLJum5NTYO68H_J7zXyrouSFWULNy7g8,IcpX3XHIIP4DXdAY5uHTCZXJpqS47o7QVQ2YSB6a5NHA0RnSGvgaWmHVnRbMoGRNOvzPkdGDWu4zvg
2zJiSiTg1lBI9_zdyhpaaMTdG7Fq83sxTfej3EgVmUUv03k,gDgwxFeMdqIWcg27Bg4YrI5LD9uLCHezLCtphe4wTKlz-6UvgL3q-pGcRSPxPCm1ROzs8i9Pbs2I1g
g7DTMA4UgXYQS1Pxg5u84QHYWP1IfsBJbCou_PaIy_prVqeFDI2u7Q8tIg,68xmRFEE8JmYMdoZzQQHteauxUEP3ezHOoB0NTRYMLsPJNCOS8A0tGfhKAM10sC653B_diJ-PVH9qA
ToC2n_dBzsn6KwiEq2EQW35zR0KU0nggri90Wi603l6Bc1U,_yzaK2Tmf5QuXhSX15fxxhORCTYTXjbTaPhMeAdDfNRiMrv4QKWk21-FD6pV2eWcs5WzfYCw_TSByw
eeoWIHgowdpb27vT-skTydwrQzKC1ZjSli5LkcT0AnDNWb8e,x0SVR9Ok-oRTMa40vxBgXFY0vn3IJUIIG9FszzX7ylutA6jMtgpszdEo1tcIEUQ3-0smcYi9REmoLA
HLcFxwj-GMRfyeIhGnyMPA_pg7_TnV4IZE4rVRLvjFGJw5BDTVffO8fuxA,4iHoDQeudw2U-prS6jt46MSu-Gz7VziKvWkA47lY8FmK5_pX6kWn2CpR2fXl_xUQGh1e82fOmysLvw
_ftqumEn9WnUbjXKhETAM4T97aZtgobtteLrgbO7xXpIxjs,1TxfRiEy_s88d59v46KM9whhHa_M0mhHpaIu9zZHnjC4wMX3fe-Pcr07vsestqRuec-LLV7Mjzk0Ow
4R8CvugLM1Qt-M_FvzZZrKxpx1NicVEmJZuOqMC65v74zA,6kkMKQGJGQkazQKi6ijCeDIAPoKzHqk4j7ItdTP-HVAC-aT7cdtKExL0Owk3xXzbE6G8ckJisbOT4A
W9zkHwFBTx-eAl__qdWoT941kJ9Spx9KsPg1qJBVUrj-o8zM,E_qWsN6k0JxhcLcIa-PUyl9UkkozOhqLhQBVj1lk-AqDtdJm9ulDq587iAxINBly7lSZy2LRzklygA
HqwsYuMfWsGV8oshosj2VvE21oo_0sDi8ZvjAlaVL1_RQDLqLKT3ILxrZQ,2iYIzGeq7zvCRNZ8cdkCISCy0nf7j-3e_IW6bevgo1lqx8NmjqqA2tgvQ4oiTAtuc0zfAdxrPY7Zgg
9j_KDEug2iuWZzPnHJ-dp9-oIwXgZNSwIjfd82AmHrXMkVo,RKUM_3d_7ErnWr1Y0iZS9zUEV_JReyn43gb5rwIT-iHb_8uE4orTx9oBb0Rff3RpRL-FFRbCSrpApg
re4onm99iw7tKCvpULyonwytqOFCudJeoPJ4pbHXNlXtF0z2,NvQf4ZnwrpCWcvOen26Ut5QR5BC97FnCUobTkTw6frnCujuvgdULqze5r_iyHApd6S2nEfFCXU_GaQ
gZMy1MO-oIY2tVUag5YgK1-bejVoTAd9DyKxrzCr9LTiC7o,tkcxCvD_Lg6GffTx8AbTZYGEEVcl6-MB_lXlxfVTiVGfkBEt6g6GeGSZ0FFnUk3lhqanzuqiGHxHBQ
6ymH7BfJh38s1OFacFz0FYlqY-zYGYV7dakp_erU-g8w6DGb,j4nf9SI1NAQLRycZvJSs9P2VCQZv1mIrAXzCS-YwlvHKXPH6NRQYS0umQxqRmuYwCPOxEh2RsEhzgw
YhFLTyIYjMclGneV8ed-HsbGDtpLCQDQWssWV7rh0p6hgoo,kexILy-ZAFh1Y3FovRe-ZzSGy330qcy6A0e0jFVZXGgidPHD7iOC3DfrMXmm9mTz9FiB3_XLqWfpZA
